-- MySQL dump 10.13  Distrib 5.7.14, for Win64 (x86_64)
--
-- Host: localhost    Database: cms
-- ------------------------------------------------------
-- Server version	5.7.14

/*!40101 SET @OLD_CHARACTER_SET_CLIENT=@@CHARACTER_SET_CLIENT */;
/*!40101 SET @OLD_CHARACTER_SET_RESULTS=@@CHARACTER_SET_RESULTS */;
/*!40101 SET @OLD_COLLATION_CONNECTION=@@COLLATION_CONNECTION */;
/*!40101 SET NAMES utf8 */;
/*!40103 SET @OLD_TIME_ZONE=@@TIME_ZONE */;
/*!40103 SET TIME_ZONE='+00:00' */;
/*!40014 SET @OLD_UNIQUE_CHECKS=@@UNIQUE_CHECKS, UNIQUE_CHECKS=0 */;
/*!40014 SET @OLD_FOREIGN_KEY_CHECKS=@@FOREIGN_KEY_CHECKS, FOREIGN_KEY_CHECKS=0 */;
/*!40101 SET @OLD_SQL_MODE=@@SQL_MODE, SQL_MODE='NO_AUTO_VALUE_ON_ZERO' */;
/*!40111 SET @OLD_SQL_NOTES=@@SQL_NOTES, SQL_NOTES=0 */;

--
-- Table structure for table `t_attach`
--

DROP TABLE IF EXISTS `t_attach`;
/*!40101 SET @saved_cs_client     = @@character_set_client */;
/*!40101 SET character_set_client = utf8 */;
CREATE TABLE `t_attach` (
  `id` int(50) NOT NULL AUTO_INCREMENT,
  `old_name` varchar(50) DEFAULT NULL,
  `new_name` varchar(50) DEFAULT NULL,
  `attach_type` varchar(50) DEFAULT NULL,
  `suffix` varchar(50) DEFAULT NULL,
  `size` bigint(20) DEFAULT NULL,
  `is_intro_pic` int(2) DEFAULT NULL,
  `is_img` int(2) DEFAULT NULL,
  `is_spe_pic` int(2) DEFAULT NULL,
  `is_show_pic` int(2) DEFAULT NULL,
  `topic_id` int(50) DEFAULT NULL,
  PRIMARY KEY (`id`),
  KEY `topic_id` (`topic_id`),
  CONSTRAINT `t_attach_ibfk_1` FOREIGN KEY (`topic_id`) REFERENCES `t_topic` (`id`)
) ENGINE=InnoDB AUTO_INCREMENT=175 DEFAULT CHARSET=utf8;
/*!40101 SET character_set_client = @saved_cs_client */;

--
-- Dumping data for table `t_attach`
--

LOCK TABLES `t_attach` WRITE;
/*!40000 ALTER TABLE `t_attach` DISABLE KEYS */;
INSERT INTO `t_attach` VALUES (2,'1c6f0cdc7d1ccbae35ce0dc38f6a4104.jpg','1487985272783.jpg','application/octet-stream','jpg',46701,0,1,0,0,1),(3,'37df317fe34c688f50129963a5f2cc84.jpg','1487985272910.jpg','application/octet-stream','jpg',65069,0,1,0,0,1),(4,'43abf00b096e4592d71785ad4b25fa49.jpg','1487985273095.jpg','application/octet-stream','jpg',82097,0,1,0,0,1),(5,'006229eee9f821c05a87850f352292f5.jpg','1487985273246.jpg','application/octet-stream','jpg',61318,0,1,0,0,1),(6,'7148c6a6055c73b6253e8deb02d81fb8.jpg','1487985273367.jpg','application/octet-stream','jpg',80644,0,1,0,0,1),(7,'a9de7f5ceeee99172fb0634b692fab55.jpg','1487985273590.jpg','application/octet-stream','jpg',50749,0,1,0,0,1),(9,'1403539931.jpg','1487986541034.jpg','application/octet-stream','jpg',100187,0,1,0,0,2),(10,'1403540054.jpg','1487986541416.jpg','application/octet-stream','jpg',95178,0,1,0,0,2),(11,'BbsImg146900225135004_583x388.jpg','1487987989512.jpg','application/octet-stream','jpg',41212,0,1,0,0,3),(12,'intro_img.jpg','1487987989684.jpg','application/octet-stream','jpg',134854,1,1,0,1,3),(13,'sb2015033000072.jpg','1487987990022.jpg','application/octet-stream','jpg',180381,0,1,0,0,3),(14,'123.jpg','1487988023335.jpg','application/octet-stream','jpg',80643,0,1,0,0,3),(15,'intro_img.jpg','1487988513913.jpg','application/octet-stream','jpg',403402,0,1,0,1,1),(16,'intro_img02.jpg','1487988545379.jpg','application/octet-stream','jpg',176535,0,1,0,1,2),(17,'2.jpg','1487990237700.jpg','application/octet-stream','jpg',70640,0,1,0,0,4),(18,'3.jpg','1487990237890.jpg','application/octet-stream','jpg',54290,0,1,0,0,4),(19,'4.jpg','1487990238011.jpg','application/octet-stream','jpg',45222,0,1,0,0,4),(20,'intro_img.jpg','1487990238141.jpg','application/octet-stream','jpg',342786,1,1,0,1,4),(21,'1417600504.jpg','1487990752733.jpg','application/octet-stream','jpg',142254,0,1,0,0,5),(22,'1417601645.jpg','1487990752889.jpg','application/octet-stream','jpg',49071,0,1,0,0,5),(23,'intro_img.jpg','1487990753011.jpg','application/octet-stream','jpg',337402,1,1,0,1,5),(24,'360截图20170225105850929.jpg','1487992655207.jpg','application/octet-stream','jpg',191977,0,1,0,0,6),(25,'360截图20170225105937905.jpg','1487992655740.jpg','application/octet-stream','jpg',182790,0,1,0,0,6),(26,'360截图20170225110022896.jpg','1487992656253.jpg','application/octet-stream','jpg',65393,0,1,0,0,6),(27,'360截图20170225110044915.jpg','1487992656756.jpg','application/octet-stream','jpg',204823,0,1,0,0,6),(28,'360截图20170225110059164.jpg','1487992657269.jpg','application/octet-stream','jpg',244667,0,1,0,0,6),(29,'360截图20170225110151701.jpg','1487992657779.jpg','application/octet-stream','jpg',168133,0,1,0,0,6),(30,'360截图20170225110211882.jpg','1487992658290.jpg','application/octet-stream','jpg',124983,0,1,0,0,6),(31,'360截图20170225110228498.jpg','1487992658797.jpg','application/octet-stream','jpg',174509,0,1,0,0,6),(32,'360截图20170225110250233.jpg','1487992659310.jpg','application/octet-stream','jpg',157419,0,1,0,0,6),(33,'360截图20170225110304295.jpg','1487992659807.jpg','application/octet-stream','jpg',155524,0,1,0,0,6),(34,'360截图20170225110324133.jpg','1487992660321.jpg','application/octet-stream','jpg',194191,0,1,0,0,6),(35,'360截图20170225110340018.jpg','1487992660826.jpg','application/octet-stream','jpg',180680,0,1,0,0,6),(36,'360截图20170225110353063.jpg','1487992661336.jpg','application/octet-stream','jpg',212275,0,1,0,0,6),(37,'360截图20170225110421573.jpg','1487992661842.jpg','application/octet-stream','jpg',189915,0,1,0,0,6),(38,'360截图20170225110435713.jpg','1487992662345.jpg','application/octet-stream','jpg',218039,0,1,0,0,6),(39,'360截图20170225110512524.jpg','1487992662854.jpg','application/octet-stream','jpg',239166,0,1,0,0,6),(40,'360截图20170225110534300.jpg','1487992663361.jpg','application/octet-stream','jpg',158269,0,1,0,0,6),(41,'360截图20170225110553068.jpg','1487992663858.jpg','application/octet-stream','jpg',125368,0,1,0,0,6),(42,'360截图20170225110609731.jpg','1487992664364.jpg','application/octet-stream','jpg',212050,0,1,0,0,6),(43,'专题01.jpg','1487992664876.jpg','application/octet-stream','jpg',55272,0,1,1,1,6),(44,'1.jpg','1487993266191.jpg','application/octet-stream','jpg',114329,0,1,0,0,7),(45,'2.jpg','1487993266371.jpg','application/octet-stream','jpg',55504,0,1,0,0,7),(46,'3.jpg','1487993266468.jpg','application/octet-stream','jpg',55079,0,1,0,0,7),(47,'4.jpg','1487993266611.jpg','application/octet-stream','jpg',43997,0,1,0,0,7),(48,'5.jpg','1487993266729.jpg','application/octet-stream','jpg',73525,0,1,0,0,7),(49,'6.jpg','1487993266858.jpg','application/octet-stream','jpg',60549,0,1,0,0,7),(50,'专题02.jpg','1487993266969.jpg','application/octet-stream','jpg',90589,0,1,1,1,7),(51,'1.jpg','1487993949885.jpg','application/octet-stream','jpg',91140,0,1,0,0,8),(52,'2.jpg','1487993950069.jpg','application/octet-stream','jpg',68167,0,1,0,0,8),(53,'3.jpg','1487993950172.jpg','application/octet-stream','jpg',58878,0,1,0,0,8),(54,'4.jpg','1487993950313.jpg','application/octet-stream','jpg',107899,0,1,0,0,8),(55,'5.jpg','1487993950480.jpg','application/octet-stream','jpg',71973,0,1,0,0,8),(56,'6.jpg','1487993950586.jpg','application/octet-stream','jpg',42047,0,1,0,0,8),(57,'专题03.jpg','1487993950764.jpg','application/octet-stream','jpg',85903,0,1,1,1,8),(58,'1.jpg','1487995153862.jpg','application/octet-stream','jpg',55881,0,1,0,0,9),(59,'2.jpg','1487995153999.jpg','application/octet-stream','jpg',55720,0,1,0,0,9),(60,'专题04.jpg','1487995154132.jpg','application/octet-stream','jpg',78763,0,1,1,1,9),(61,'3d8201341071415c470d14ad999f4c7f.jpg','1487995204733.jpg','application/octet-stream','jpg',88441,0,1,0,0,9),(62,'1.jpg','1487999027121.jpg','application/octet-stream','jpg',57485,0,1,0,0,10),(64,'1.jpg','1487999701881.jpg','application/octet-stream','jpg',57485,0,1,0,1,NULL),(65,'1.jpg','1487999742540.jpg','application/octet-stream','jpg',57485,0,1,0,1,10),(66,'2.jpg','1488000904654.jpg','application/octet-stream','jpg',153381,0,1,0,1,11),(67,'3.jpg','1488001026375.jpg','application/octet-stream','jpg',71556,0,1,0,1,12),(68,'4.jpg','1488001135575.jpg','application/octet-stream','jpg',81201,0,1,0,1,13),(69,'5.jpg','1488001317703.jpg','application/octet-stream','jpg',105835,0,1,0,1,14),(70,'6.jpg','1488001445399.jpg','application/octet-stream','jpg',114637,0,1,0,1,15),(71,'7.jpg','1488001525497.jpg','application/octet-stream','jpg',141096,0,1,0,1,16),(72,'8.jpg','1488001583988.jpg','application/octet-stream','jpg',133778,0,1,0,1,17),(73,'9.jpg','1488001660353.jpg','application/octet-stream','jpg',131382,0,1,0,1,18),(74,'10.jpg','1488001734934.jpg','application/octet-stream','jpg',125405,0,1,0,1,19),(75,'11.jpg','1488002284226.jpg','application/octet-stream','jpg',66028,0,1,0,1,20),(76,'12.jpg','1488002331658.jpg','application/octet-stream','jpg',61999,0,1,0,1,21),(77,'13.jpg','1488002379446.jpg','application/octet-stream','jpg',97286,0,1,0,1,22),(78,'14.jpg','1488002452074.jpg','application/octet-stream','jpg',62206,0,1,0,1,23),(80,'16.jpg','1488002574158.jpg','application/octet-stream','jpg',70897,0,1,0,1,25),(81,'17.jpg','1488002744111.jpg','application/octet-stream','jpg',44693,0,1,0,1,26),(82,'18.jpg','1488002832518.jpg','application/octet-stream','jpg',54099,0,1,0,1,27),(83,'19.jpg','1488002973802.jpg','application/octet-stream','jpg',52355,0,1,0,1,28),(84,'21.jpg','1488003082918.jpg','application/octet-stream','jpg',32152,0,1,0,1,29),(85,'22.jpg','1488003156703.jpg','application/octet-stream','jpg',17583,0,1,0,1,30),(86,'23.jpg','1488003272901.jpg','application/octet-stream','jpg',55144,0,1,0,1,31),(87,'a.jpg','1488003646838.jpg','application/octet-stream','jpg',36443,0,1,0,0,32),(88,'a1.jpg','1488003646963.jpg','application/octet-stream','jpg',12174,0,1,0,1,32),(89,'b.jpg','1488003782208.jpg','application/octet-stream','jpg',52699,0,1,0,0,33),(90,'b1.jpg','1488003782322.jpg','application/octet-stream','jpg',4698,0,1,0,1,33),(91,'c.jpg','1488003952534.jpg','application/octet-stream','jpg',48160,0,1,0,0,34),(92,'cc.jpg','1488003952678.jpg','application/octet-stream','jpg',11432,0,1,0,1,34),(93,'d.jpg','1488004244891.jpg','application/octet-stream','jpg',46240,0,1,0,0,35),(94,'dd.jpg','1488004245019.jpg','application/octet-stream','jpg',10112,0,1,0,1,35),(95,'e.jpg','1488004359864.jpg','application/octet-stream','jpg',41810,0,1,0,0,36),(96,'ee.jpg','1488004360056.jpg','application/octet-stream','jpg',5685,0,1,0,1,36),(97,'f.jpg','1488004431945.jpg','application/octet-stream','jpg',43556,0,1,0,0,37),(98,'ff.jpg','1488004432066.jpg','application/octet-stream','jpg',12729,0,1,0,1,37),(99,'g.jpg','1488004504044.jpg','application/octet-stream','jpg',45585,0,1,0,0,38),(100,'gg.jpg','1488004504208.jpg','application/octet-stream','jpg',3985,0,1,0,1,38),(101,'gg.jpg','1488004614288.jpg','application/octet-stream','jpg',6024,0,1,0,1,39),(102,'h.jpg','1488004614470.jpg','application/octet-stream','jpg',41841,0,1,0,0,39),(103,'i.jpg','1488004745346.jpg','application/octet-stream','jpg',43867,0,1,0,0,40),(104,'ii.jpg','1488004745469.jpg','application/octet-stream','jpg',7060,0,1,0,1,40),(105,'j.jpg','1488004844936.jpg','application/octet-stream','jpg',28104,0,1,0,0,41),(106,'jj.jpg','1488004845031.jpg','application/octet-stream','jpg',4620,0,1,0,1,41),(107,'k.jpg','1488004943058.jpg','application/octet-stream','jpg',32806,0,1,0,0,42),(108,'kk.jpg','1488004943191.jpg','application/octet-stream','jpg',11926,0,1,0,1,42),(109,'l.jpg','1488005090720.jpg','application/octet-stream','jpg',55242,0,1,0,0,43),(110,'ll.jpg','1488005090829.jpg','application/octet-stream','jpg',7068,0,1,0,1,43),(111,'fe.jpg','1488005603104.jpg','application/octet-stream','jpg',24579,0,1,0,1,44),(112,'2.jpg','1488006413748.jpg','application/octet-stream','jpg',13654,0,1,0,1,45),(113,'3.jpg','1488006413917.jpg','application/octet-stream','jpg',184976,0,1,0,0,45),(114,'m.jpg','1488006741776.jpg','application/octet-stream','jpg',5080,0,1,0,0,46),(115,'m-small.jpg','1488006741904.jpg','application/octet-stream','jpg',12156,0,1,0,1,46),(116,'r.jpg','1488006988917.jpg','application/octet-stream','jpg',7564,0,1,0,0,47),(117,'r-s.jpg','1488006989027.jpg','application/octet-stream','jpg',18592,0,1,0,1,47),(118,'s.jpg','1488007307272.jpg','application/octet-stream','jpg',28998,0,1,0,0,48),(119,'s-s.jpg','1488007307393.jpg','application/octet-stream','jpg',16449,0,1,0,1,48),(120,'r2.jpg','1488007478683.jpg','application/octet-stream','jpg',275777,0,1,0,0,49),(121,'r2-s.jpg','1488007478861.jpg','application/octet-stream','jpg',14761,0,1,0,1,49),(122,'i.jpg','1488007860992.jpg','application/octet-stream','jpg',15905,0,1,0,1,50),(123,'i1.jpg','1488007861114.jpg','application/octet-stream','jpg',113772,0,1,0,0,50),(124,'5.jpg','1488008280770.jpg','application/octet-stream','jpg',27862,0,1,0,1,51),(125,'6.jpg','1488008381754.jpg','application/octet-stream','jpg',53953,0,1,0,1,52),(126,'7.jpg','1488008508801.jpg','application/octet-stream','jpg',18299,0,1,0,1,53),(128,'8.jpg','1488008790427.jpg','application/octet-stream','jpg',26476,0,1,0,1,54),(129,'9.jpg','1488008895569.jpg','application/octet-stream','jpg',31558,0,1,0,1,55),(130,'3.jpg','1488010599113.jpg','application/octet-stream','jpg',99790,0,1,0,0,56),(131,'4.jpg','1488010599286.jpg','application/octet-stream','jpg',104518,0,1,0,0,56),(132,'5.jpg','1488010599455.jpg','application/octet-stream','jpg',94651,0,1,0,0,56),(133,'6.jpg','1488010599572.jpg','application/octet-stream','jpg',88732,0,1,0,0,56),(134,'7.jpg','1488010599707.jpg','application/octet-stream','jpg',98443,0,1,0,0,56),(135,'8.jpg','1488010599882.jpg','application/octet-stream','jpg',96893,0,1,0,0,56),(136,'莱科宁驾驶新赛车首航.jpg','1488010600050.jpg','application/octet-stream','jpg',89697,0,1,0,1,56),(137,'a2.jpg','1488010648515.jpg','application/octet-stream','jpg',337131,0,1,0,0,57),(138,'a3.jpg','1488010648649.jpg','application/octet-stream','jpg',146437,0,1,0,0,57),(139,'a4.jpg','1488010648828.jpg','application/octet-stream','jpg',141629,0,1,0,0,57),(140,'a5.jpg','1488010648981.jpg','application/octet-stream','jpg',120177,0,1,0,0,57),(141,'a6.jpg','1488010649133.jpg','application/octet-stream','jpg',172562,0,1,0,0,57),(142,'a7.jpg','1488010649325.jpg','application/octet-stream','jpg',95908,0,1,0,0,57),(143,'索伯C36加泰罗尼亚赛道首航.jpg','1488010649501.jpg','application/octet-stream','jpg',319658,0,1,0,1,57),(144,'1.jpg','1488010696248.jpg','application/octet-stream','jpg',267092,0,1,0,0,58),(145,'2.jpg','1488010696767.jpg','application/octet-stream','jpg',269965,0,1,0,0,58),(146,'3.jpg','1488010697256.jpg','application/octet-stream','jpg',282937,0,1,0,0,58),(147,'4.jpg','1488010697769.jpg','application/octet-stream','jpg',273393,0,1,0,0,58),(148,'5.jpg','1488010698272.jpg','application/octet-stream','jpg',251164,0,1,0,0,58),(149,'6.jpg','1488010698777.jpg','application/octet-stream','jpg',271468,0,1,0,0,58),(150,'7.jpg','1488010699287.jpg','application/octet-stream','jpg',294406,0,1,0,0,58),(151,'9.jpg','1488010699790.jpg','application/octet-stream','jpg',348688,0,1,0,1,58),(152,'10.jpg','1488010700302.jpg','application/octet-stream','jpg',302899,0,1,0,0,58),(153,'1.jpg','1488010747422.jpg','application/octet-stream','jpg',125006,0,1,0,0,59),(154,'2.jpg','1488010747582.jpg','application/octet-stream','jpg',165502,0,1,0,1,59),(155,'3.jpg','1488010747717.jpg','application/octet-stream','jpg',167841,0,1,0,0,59),(156,'4.jpg','1488010747870.jpg','application/octet-stream','jpg',166116,0,1,0,0,59),(157,'5.jpg','1488010748031.jpg','application/octet-stream','jpg',114770,0,1,0,0,59),(158,'6.jpg','1488010748148.jpg','application/octet-stream','jpg',92276,0,1,0,0,59),(159,'7.jpg','1488010748284.jpg','application/octet-stream','jpg',116471,0,1,0,0,59),(160,'1.jpg','1488010795506.jpg','application/octet-stream','jpg',156572,0,1,0,1,60),(161,'2.jpg','1488010795907.jpg','application/octet-stream','jpg',222427,0,1,0,0,60),(162,'3.jpg','1488010796410.jpg','application/octet-stream','jpg',171708,0,1,0,0,60),(163,'4.jpg','1488010796922.jpg','application/octet-stream','jpg',255658,0,1,0,0,60),(164,'5.jpg','1488010797421.jpg','application/octet-stream','jpg',148118,0,1,0,0,60),(165,'6.jpg','1488010797930.jpg','application/octet-stream','jpg',81276,0,1,0,0,60),(166,'7.jpg','1488010798434.jpg','application/octet-stream','jpg',152836,0,1,0,0,60),(167,'8.jpg','1488010798949.jpg','application/octet-stream','jpg',152520,0,1,0,0,60),(168,'9.jpg','1488010799450.jpg','application/octet-stream','jpg',85350,0,1,0,0,60),(169,'10.jpg','1488010799951.jpg','application/octet-stream','jpg',141219,0,1,0,0,60),(170,'15.jpg','1488011073901.jpg','application/octet-stream','jpg',142223,0,1,0,1,24),(171,'1.jpg','1488011603479.jpg','application/octet-stream','jpg',43237,0,1,0,0,61),(172,'2.jpg','1488011603618.jpg','application/octet-stream','jpg',83368,0,1,0,1,61),(173,'3.jpg','1488011603763.jpg','application/octet-stream','jpg',61000,0,1,0,0,61),(174,'4.jpg','1488011603915.jpg','application/octet-stream','jpg',77798,0,1,0,0,61);
/*!40000 ALTER TABLE `t_attach` ENABLE KEYS */;
UNLOCK TABLES;

--
-- Table structure for table `t_channel`
--

DROP TABLE IF EXISTS `t_channel`;
/*!40101 SET @saved_cs_client     = @@character_set_client */;
/*!40101 SET character_set_client = utf8 */;
CREATE TABLE `t_channel` (
  `id` int(50) NOT NULL AUTO_INCREMENT,
  `name` varchar(50) DEFAULT NULL,
  `custom_link` int(2) DEFAULT NULL,
  `custom_link_url` varchar(50) DEFAULT NULL,
  `channel_type` varchar(50) DEFAULT NULL,
  `is_top_intro` int(2) DEFAULT NULL,
  `is_nav` int(2) DEFAULT NULL,
  `is_recommend` int(2) DEFAULT NULL,
  `status` int(2) DEFAULT NULL,
  `orders` int(2) DEFAULT NULL,
  `channel_id` int(50) DEFAULT NULL,
  PRIMARY KEY (`id`),
  KEY `channel_id` (`channel_id`),
  CONSTRAINT `t_channel_ibfk_1` FOREIGN KEY (`channel_id`) REFERENCES `t_channel` (`id`)
) ENGINE=InnoDB AUTO_INCREMENT=14 DEFAULT CHARSET=utf8;
/*!40101 SET character_set_client = @saved_cs_client */;

--
-- Dumping data for table `t_channel`
--

LOCK TABLES `t_channel` WRITE;
/*!40000 ALTER TABLE `t_channel` DISABLE KEYS */;
INSERT INTO `t_channel` VALUES (1,'信息简介',0,'','NAV_CHANNEL',1,0,0,1,0,NULL),(2,'首页导航',0,'','NAV_CHANNEL',1,0,0,1,0,NULL),(3,'首页推荐',0,'','TOPIC_LIST',1,0,0,1,0,NULL),(4,'F1专题',0,'','TOPIC_LIST',1,0,0,1,0,NULL),(5,'热点话题',0,'','TOPIC_LIST',1,0,0,1,0,NULL),(6,'前沿赛况',0,'','TOPIC_LIST',1,0,0,1,0,NULL),(7,'赛程预览',0,'','TOPIC_LIST',1,0,0,1,0,1),(8,'车队介绍',0,'','TOPIC_LIST',1,0,0,1,0,1),(9,'车手信息',0,'','TOPIC_LIST',1,0,0,1,0,1),(10,'精彩图集',0,'','IMG_LIST',1,0,0,1,0,2),(11,'赛车新闻',0,'','TOPIC_LIST',1,0,0,1,0,2),(12,'围场八卦',0,'','TOPIC_LIST',1,0,0,1,0,2),(13,'互动论坛',0,'','NAV_CHANNEL',1,0,0,1,0,2);
/*!40000 ALTER TABLE `t_channel` ENABLE KEYS */;
UNLOCK TABLES;

--
-- Table structure for table `t_group`
--

DROP TABLE IF EXISTS `t_group`;
/*!40101 SET @saved_cs_client     = @@character_set_client */;
/*!40101 SET character_set_client = utf8 */;
CREATE TABLE `t_group` (
  `id` int(10) NOT NULL AUTO_INCREMENT,
  `name` varchar(50) DEFAULT NULL,
  `descri` text,
  PRIMARY KEY (`id`)
) ENGINE=InnoDB AUTO_INCREMENT=3 DEFAULT CHARSET=utf8;
/*!40101 SET character_set_client = @saved_cs_client */;

--
-- Dumping data for table `t_group`
--

LOCK TABLES `t_group` WRITE;
/*!40000 ALTER TABLE `t_group` DISABLE KEYS */;
INSERT INTO `t_group` VALUES (1,'编辑发布组','主要职责:主要负责编辑和发布相关新闻热点等。'),(2,'内容审核组','主要职责:审核并确认发布。');
/*!40000 ALTER TABLE `t_group` ENABLE KEYS */;
UNLOCK TABLES;

--
-- Table structure for table `t_group_channel`
--

DROP TABLE IF EXISTS `t_group_channel`;
/*!40101 SET @saved_cs_client     = @@character_set_client */;
/*!40101 SET character_set_client = utf8 */;
CREATE TABLE `t_group_channel` (
  `id` int(10) NOT NULL AUTO_INCREMENT,
  `group_id` int(50) DEFAULT NULL,
  `channel_id` int(50) DEFAULT NULL,
  PRIMARY KEY (`id`),
  KEY `group_id` (`group_id`),
  KEY `channel_id` (`channel_id`),
  CONSTRAINT `t_group_channel_ibfk_1` FOREIGN KEY (`group_id`) REFERENCES `t_group` (`id`),
  CONSTRAINT `t_group_channel_ibfk_2` FOREIGN KEY (`channel_id`) REFERENCES `t_channel` (`id`)
) ENGINE=InnoDB AUTO_INCREMENT=53 DEFAULT CHARSET=utf8;
/*!40101 SET character_set_client = @saved_cs_client */;

--
-- Dumping data for table `t_group_channel`
--

LOCK TABLES `t_group_channel` WRITE;
/*!40000 ALTER TABLE `t_group_channel` DISABLE KEYS */;
INSERT INTO `t_group_channel` VALUES (8,2,1),(9,2,4),(10,2,7),(12,2,3),(13,2,6),(14,2,5),(16,2,2),(18,2,7),(20,2,8),(22,2,9),(24,2,10),(26,2,11),(28,2,12),(30,2,13),(40,1,1),(41,1,9),(42,1,8),(43,1,7),(44,1,2),(45,1,10),(46,1,11),(47,1,3),(48,1,4),(49,1,13),(50,1,12),(51,1,5),(52,1,6);
/*!40000 ALTER TABLE `t_group_channel` ENABLE KEYS */;
UNLOCK TABLES;

--
-- Table structure for table `t_keyword`
--

DROP TABLE IF EXISTS `t_keyword`;
/*!40101 SET @saved_cs_client     = @@character_set_client */;
/*!40101 SET character_set_client = utf8 */;
CREATE TABLE `t_keyword` (
  `id` int(50) NOT NULL AUTO_INCREMENT,
  `name` varchar(50) DEFAULT NULL,
  `fullpy` varchar(50) DEFAULT NULL,
  `shortpy` varchar(50) DEFAULT NULL,
  PRIMARY KEY (`id`)
) ENGINE=InnoDB AUTO_INCREMENT=10 DEFAULT CHARSET=utf8;
/*!40101 SET character_set_client = @saved_cs_client */;

--
-- Dumping data for table `t_keyword`
--

LOCK TABLES `t_keyword` WRITE;
/*!40000 ALTER TABLE `t_keyword` DISABLE KEYS */;
INSERT INTO `t_keyword` VALUES (1,'F1','F',''),(2,'法拉利','falali','fll'),(3,'威廉姆斯','weilianmusi','wlms'),(4,'围场','weichang','wc'),(5,'维特尔','weiteer','wte'),(6,'迈凯伦','maikailun','mkl'),(7,'WEC','WEC',''),(8,'2000赛季','saiji','sj'),(9,'里卡多','likaduo','lkd');
/*!40000 ALTER TABLE `t_keyword` ENABLE KEYS */;
UNLOCK TABLES;

--
-- Table structure for table `t_role`
--

DROP TABLE IF EXISTS `t_role`;
/*!40101 SET @saved_cs_client     = @@character_set_client */;
/*!40101 SET character_set_client = utf8 */;
CREATE TABLE `t_role` (
  `id` int(10) NOT NULL AUTO_INCREMENT,
  `name` varchar(50) DEFAULT NULL,
  `role_type` varchar(50) DEFAULT NULL,
  PRIMARY KEY (`id`)
) ENGINE=InnoDB AUTO_INCREMENT=4 DEFAULT CHARSET=utf8;
/*!40101 SET character_set_client = @saved_cs_client */;

--
-- Dumping data for table `t_role`
--

LOCK TABLES `t_role` WRITE;
/*!40000 ALTER TABLE `t_role` DISABLE KEYS */;
INSERT INTO `t_role` VALUES (1,'管理员','ADMIN'),(2,'审核员','AUDIT'),(3,'编辑发布员','PUBLISH');
/*!40000 ALTER TABLE `t_role` ENABLE KEYS */;
UNLOCK TABLES;

--
-- Table structure for table `t_topic`
--

DROP TABLE IF EXISTS `t_topic`;
/*!40101 SET @saved_cs_client     = @@character_set_client */;
/*!40101 SET character_set_client = utf8 */;
CREATE TABLE `t_topic` (
  `id` int(50) NOT NULL AUTO_INCREMENT,
  `title` varchar(50) DEFAULT NULL,
  `keyword` varchar(50) DEFAULT NULL,
  `status` int(50) DEFAULT NULL,
  `recommend` int(50) DEFAULT NULL,
  `content` text,
  `summary` varchar(50) DEFAULT NULL,
  `channel_pic_id` int(50) DEFAULT NULL,
  `create_date` datetime DEFAULT NULL,
  `publish_date` datetime DEFAULT NULL,
  `author` varchar(50) DEFAULT NULL,
  `channel_id` int(50) DEFAULT NULL,
  `user_id` int(50) DEFAULT NULL,
  PRIMARY KEY (`id`),
  KEY `user_id` (`user_id`),
  KEY `channel_id` (`channel_id`),
  CONSTRAINT `t_topic_ibfk_1` FOREIGN KEY (`user_id`) REFERENCES `t_user` (`id`),
  CONSTRAINT `t_topic_ibfk_2` FOREIGN KEY (`channel_id`) REFERENCES `t_channel` (`id`)
) ENGINE=InnoDB AUTO_INCREMENT=62 DEFAULT CHARSET=utf8;
/*!40101 SET character_set_client = @saved_cs_client */;

--
-- Dumping data for table `t_topic`
--

LOCK TABLES `t_topic` WRITE;
/*!40000 ALTER TABLE `t_topic` DISABLE KEYS */;
INSERT INTO `t_topic` VALUES (1,'如何评价法拉利本赛季表现','F1|法拉利|',1,0,'<p></p><p>罗伊·拜恩能解法拉利于燃眉之急吗？<br /><br /><br /><br /></p><p>视线之外，罗伊·拜恩已经悄然回归法拉利、并重新投入到曾经身处的每一片马拉内罗的繁忙日夜中。但悬在红色之师头上的依然是车队文化的重建重任，而绝非重蹈人才市场上病急乱投医的短期行为</p><p><br /></p><p>就在墨西哥大奖赛周末，凹凸体育从一位法拉利车队内部人士的口中获悉：拜恩已获准在法拉利出任全职职位，并已着手倾力打造来年的2017款赛车。</p><p><br /></p><p>小道消息总会触动我们敏感的神经，然后你就会想“等等！我们对于此类报道的了解难道还不够多吗？</p><p><br /></p><p>时任法拉利赛车主设计师的罗伊·拜恩的设计独创能力，加上领队让·托德、车手迈克尔·舒马赫，技术总监罗斯·布朗组成的铁三角曾共同缔造了99~07红魔的全盛时期。</p><p><br /></p><p>仅管自2006年底进入半退休以来，拜恩位于马拉内罗的办公室仍然维持着运动部门的日常工作，但仅仅在当年三个月不到的时间里他便一举成为民用车事业部的主要负责人。</p><p><br /></p><p>从某种意义上来看，将他比作是法拉利车队参赛史的一座丰碑也不为过。但2010年拜恩突然被确诊为患有前列腺癌，并于两年后被告知病痛已经消失。他曾将这种康复奇迹归结于在泰国、也就是他的第二故乡接受的一种快速排毒疗程。自那之后拜恩开始更为频繁地参与到车队的事务以及人们的视线中，就如同一位尚未出世的工程师一般兢兢业业。但他在队内所参与的工作比重一直是个谜。</p><p style=\"text-align: center;\"><br /></p><p style=\"text-align: center;\"><br /></p><p style=\"text-align: center;\"><img id=\"attach_2\" src=\"/cms/resources/upload/1487985272783.jpg\" alt=\"\" /><br /></p><p style=\"text-align: center;\"><br /></p><p style=\"text-align: left;\"><br /></p><p style=\"text-align: left;\">拜恩曾先后三次被召回商讨赛车的设计要务。第一次是在赛车问题初现端倪的2012年，随后又是在不同的车组管理结构下的2013及2015年。<br />2013年法拉利曾将他比作一双“无形之眼”：尚没有官方职位的他参与了14版混合动力赛车研发小组的工作。</p><p style=\"text-align: left;\"><br /></p><p style=\"text-align: left;\">法拉利领队和技术总监的先后更替，令拜恩不得不再度出山打造2015款赛车。那时他还是以导师的身份辅佐主设计师西蒙·雷斯塔开展工作的。</p><p style=\"text-align: left;\"><br /></p><p style=\"text-align: left;\">在休赛期，法拉利车队内部的变革之火一度蔓延至车队高层诸如斯蒂法诺·多梅尼卡利和马可·马蒂亚奇，甚至殃及一度取得巨大成功的前迈凯伦车队的帕特·福莱，设计师尼古拉斯·通巴西斯以及引擎主管卢卡·马莫里尼。他们无一例外地成为了失败之作2014版赛车的罪人而最终被扫地出门。</p><p style=\"text-align: left;\"><br /></p><p style=\"text-align: left;\">自那时以后，法拉利出品从未停止令人失望的节奏，进而引发了新的人员清洗 – 作为声名在外的气动专家和经理人，技术总监詹姆斯·阿里森自然未能幸免于马拉内罗，于次年的假期消耗过后也将离开法拉利。</p><p style=\"text-align: left;\"><br /></p><p style=\"text-align: left;\">可能也正是这些冰冷的乱象折射出的现实问题令拜恩毅然选择单骑救主。但这也绝非轻松 – 因为法拉利车队似乎又陷入了绝望的内斗中。</p><p style=\"text-align: left;\"><br /></p><p style=\"text-align: left;\">在同F1 Racing的一次关于未来打算的访谈里，罗斯·布朗不仅披露了法拉利车队过往统治力背后的诸多成因，也一并谈及了营造胜利的车队文化所必须摒弃的陋习。</p><p style=\"text-align: left;\"><br /></p><p style=\"text-align: center;\"><br /></p><p style=\"text-align: center;\"><img id=\"attach_6\" src=\"/cms/resources/upload/1487985273367.jpg\" alt=\"\" /><br /></p><p style=\"text-align: center;\"><br /></p><p style=\"text-align: left;\"><br /><br /><br /></p><p style=\"text-align: left;\">“到2001年为止我们还从没怕过遭遇什么挫折 -- 相比这些我们更在意的是眼前的这份工作本身。但我们又害怕遭遇失败，因为我们所有人都太想赢啦，”布朗坦言。“我们互相激励，车队高层也从未涉足我们的事务 -- 说那些做不好就走人的风凉话。”</p><p style=\"text-align: left;\"><br /></p><p style=\"text-align: left;\">“在初来乍到的那段日子里，我曾庆幸于自己能够脱身于当时队内互相埋怨的氛围，而这的确伤人至深。”</p><p style=\"text-align: left;\"><br /></p><p style=\"text-align: left;\">“我能回想起早年的一次会议中我们之间产生的些许分歧。当时蒙特泽蒙罗先生正准备开始追究责任，我说我们不应该这么做，我向来为这里的所有人负责。如果您希望归咎于哪一个，那么请先从我头上动刀吧。”当时的意大利媒体偏执的很，一旦事情变坏他们会希望将那个人的“劣迹”公之于众。”</p><p style=\"text-align: left;\"><br /></p><p style=\"text-align: left;\">“但托德当时已经身先士卒了，我发现一些车队高层也纷纷开始效仿该做法，保护着他们的下属、让他们做出一番事业，并认同这些是正确的。”</p><p style=\"text-align: left;\"><br /></p><p style=\"text-align: left;\">布朗在他同前威廉姆斯车队首席执行官亚当·帕尔共同撰写的新书Total Competition里披露了车队高层对于媒体舆论的狂热追逐。你甚至能想象米兰体育报的编辑以及他的家人们是如何在饭桌上为法拉利出谋划策的。</p><p style=\"text-align: left;\"><br /></p><p style=\"text-align: left;\">“当我刚来到这里时，有一种说法是每一位车队高层都应该对媒体是如何看待车队了然于心。此外，每天你的桌上还有这样一页剪报同你说早安。”</p><p style=\"text-align: left;\"><br /></p><p style=\"text-align: left;\">“通常它们仅有一英寸厚；如果是比赛周末它们就会变成两英寸厚；如果是一个舆论满天飞的周末就会升级为三英寸。然后你就会发现整个上午最开始几个小时你什么都做不了，因为每个人都在边喝咖啡边看报呢。”</p><p style=\"text-align: left;\"><br /></p><p style=\"text-align: left;\">&nbsp;我终于忍不住发声了 -- 我说这太荒唐！这分明是将小报消息强行灌输到我们的精神意识里麻痹我们啊！我立马制止了这种行为。”</p><p style=\"text-align: left;\"><br /></p><p style=\"text-align: center;\"><br /></p><p style=\"text-align: center;\"><img id=\"attach_5\" src=\"/cms/resources/upload/1487985273246.jpg\" alt=\"\" /><br /></p><p style=\"text-align: center;\"><br /></p><p style=\"text-align: left;\"><br /></p><p style=\"text-align: left;\">只要看看法拉利在2016年是如何力排众议、而近乎偏执地迎合意大利媒体的不真报道，你就会了解在马拉内罗媒体至上的风气依然大行其道。这令人生厌的埋怨暮霭再次萦绕在红色之师的上空，她的底下则满地苍夷。</p><p style=\"text-align: left;\"><br /></p><p style=\"text-align: left;\">那么在铺天盖地的批评声里，就不难理解法拉利车队试图快速止损的迫切需求。那么还有比找到拜恩这位既能干又具备创造力的老朋友更好的选择呢？</p><p style=\"text-align: left;\"><br /></p><p style=\"text-align: left;\">只是这种做法从未奏效 -- 来年的成功自然也绝非板上钉钉。</p><p style=\"text-align: left;\"><br /></p><p style=\"text-align: left;\">这些本不该发生 – 法拉利赛车的底盘和引擎实属同一厂商出品、或多或少是这样的。那么他们就没有道理在内部整合力度上逊色于梅赛德斯，因为后者是由位于布里克斯沃思的高性能引擎公司全权策划动力单元构造以及组装的。</p><p style=\"text-align: left;\"><br /></p><p style=\"text-align: left;\">“相较引擎和底盘，我看到了设计一款赛车、一款高整合度赛车的壮阔前景，而这本应该是法拉利车队的核心竞争力所在，”布朗在谈及他在96赛季所面临的状况时这么表示。“但这种竞争力并没有最终兑现并加以运用。”</p><p style=\"text-align: left;\"><br /></p><p style=\"text-align: left;\">“当时保罗·马丁涅利掌管着引擎部门，他本人对于一体式赛车理念非常认同，因而我们将底盘设计办公室搬到了他们边上。当时两个部门之间的人员往来较为频繁，保罗同我达成了不少共识，比如冶金部门可以同时服务于我们所在的部门，那么我们彼此在需要的时候也会互相借用人员参与自身事务。”</p><p style=\"text-align: left;\"><br /></p><p style=\"text-align: left;\">那是怎样一段不可多得的经历呵！引擎和底盘双剑合璧于一体设计。现在他们也正这么做着呢，就如同我们那时候一般团结。马蒂亚·比诺托当时还是引擎部门主管，现在他已经是新的技术总监了。”</p><p style=\"text-align: left;\"><br /></p><p style=\"text-align: left;\">“总之他们还在同一部门工作，但为何这些还没奏效我也就不得而知了。”</p><p style=\"text-align: left;\"><br /></p><p style=\"text-align: center;\"><br /></p><p style=\"text-align: center;\"><img id=\"attach_4\" src=\"/cms/resources/upload/1487985273095.jpg\" alt=\"\" /><br /></p><p style=\"text-align: center;\"><br /></p><p style=\"text-align: left;\"><br /></p><p style=\"text-align: left;\">彼此缺乏信任应该是问题之一。技术总监阿里森是法拉利从路特斯挖来的，考虑到他在位马拉内罗作为首席气动领域主要负责人已有五年之久，对于这里的工作环境理应驾轻就熟，但法拉利为了将他赶走，不惜邀请红牛车队的纽维来向他施压，而这也就可见一斑了。</p><p style=\"text-align: left;\"><br /></p><p style=\"text-align: left;\">阿里森最终出走，而法拉利主席马乔内主动担责、并着手开始对车队内部运营进行一番重组，彰显出他对于技术总监的在位人选并不怎么放心。法拉利车队大肆招贤买马，最后却落得赶着将人送走的窘境。</p><p style=\"text-align: left;\"><br /></p><p style=\"text-align: left;\">阿里森之后，法拉利紧接着便宣布他们有了新一号气动部门负责人大卫·桑切斯，但对于之前由阿里森亲自提携并之前身处该职位的戴比尔的离任则三缄其口。无论出于什么缘由和做法，他还是消失了。</p><p style=\"text-align: left;\"><br /></p><p style=\"text-align: left;\">无论如何，法拉利车队混乱的运作以及愈演愈烈的内斗近乎于能让狼厅里的种种诡计也为之失色不少了呢~</p><p style=\"text-align: left;\"><br /></p><p style=\"text-align: left;\">一波未平，法拉利将以双倍报仇重金挖角梅赛德斯车队即将合同到期的帕蒂·洛维，这个消息在围场里传的沸沸扬扬。但即便他最终选择离开三叉星而投身马拉内罗的怀抱，他也尚需度过一段假期，并且在2018赛季到来之前不太可能汇报最新的工作进度。因此即便洛维最终加盟，他也不会在2019款赛车问世之前带来任何实质性帮助。</p><p style=\"text-align: left;\"><br /></p><p style=\"text-align: left;\">而在休赛期法拉利也将经历更多内部变动，那么谁又能保证罗伊·拜恩的在位一定能彰显成效呢？</p><p style=\"text-align: left;\"><br /></p><p style=\"text-align: left;\">就如同布朗在他的书中所说的那样，“工作的周期过于漫长而无暇承担大范围人员流动带来的后果。需要的是持续性。”</p><p style=\"text-align: left;\"><br /></p><p style=\"text-align: left;\">或许现在的法拉利车队还是应该汲取一些前技术总监的经验之谈为上 -- 毕竟他们还是希望他再次出山的不是么？只是聪明如他的答案只是一个大写的“不”字而已吧。</p>','法拉利',0,'2017-02-25 09:20:59','2017-02-25 00:00:00','F1赛车世界',3,2),(2,'威廉姆斯的围场沉浮','威廉姆斯|围场|',1,0,'<p></p><p><br /></p><p>当费利佩-马萨和瓦塔利-博塔斯占据奥地利大奖赛头排起步位置时，我能保证围场里没有一个人，包括我，会感到不开心，在长久的等待后，威廉姆斯终于回到了属于自己的位置上。</p><p><br /></p><p>是的，在比赛日，他们被击败了，但考虑到梅赛德斯现在的速度，罗斯伯格和汉密尔顿的水平，我相信第三第四是威廉姆斯能争取的最好的位置了。</p><p><br /></p><p>对于我来说，威廉姆斯大奖赛工程公司的名字代表着一个竞赛者的家庭。你在哪里还能看到这样的车队？</p><p><br /></p><p>弗兰克-威廉姆斯和帕特里克-海德的长久关系是汽车运动历史上最成功的一段关系。但当帕特里克选择后退一步，在2004年卸任车队技术总监后，威廉姆斯跌入了深谷。<br /><br /></p><p>F1可不容易。成功不会因为你曾经是一支成功的车队而接踵而至。F1需要领导力，激励清扫库房的每个人——或者在F1中这些人被称为“地板经理”。当每个人都更有效率时，每个人都更有建设性。<br /><br /></p><p>现在，克莱尔-威廉姆斯领导车队。但弗兰克没有一天离开自己的办公室，他知道公司里的一切。<br /><br /></p><p>去年车队几乎一无所获，管理层和威廉姆斯家里人认为必须做出改变，技术总监麦克-考夫兰走人了。<br /></p><p><br /></p><p style=\"text-align: center;\"><img id=\"attach_9\" src=\"/cms/resources/upload/1487986541034.jpg\" alt=\"\" /><br /></p><p style=\"text-align: center;\"><br /></p><p style=\"text-align: left;\">任命帕特-西蒙斯的决定是个聪明的决定。不仅是因为他是唯一那个层次里唯一相对可以签下的，还因为他丰富的经验。</p><p style=\"text-align: left;\"><br /></p><p style=\"text-align: left;\">从贝纳通/雷诺时代起，他就知道如何赢得比赛和世界冠军。在那些年中，他可是威廉姆斯的劲敌。</p><p style=\"text-align: left;\"><br /></p><p style=\"text-align: left;\">F1的车队建设，是一项复杂的工程。在海德退休后，威廉姆斯当时依然有全部所需要的部件，但没有人能发布正确的命令。萨姆-迈克尔和麦克-考夫兰，做了努力，但我了解他们两人，他们都像我：他们总是想亲力亲为，而不愿退后一步，观察更大的场面。</p><p style=\"text-align: left;\"><br /></p><p style=\"text-align: left;\">而帕特-西蒙斯，我不会说帕特在某个特定的方面是杰出的，但他掌握大局。这意味着有人欺瞒他时，他知道的。</p><p style=\"text-align: left;\"><br /></p><p style=\"text-align: left;\">这对于一支努力重新正确聚焦的车队是重要的。你需要判别出你的钱花在哪里最合适，而不是将你的大量时间花在重新发明“轮子”上。帕特也知道无论你有多快，你都不能忽视稳定性。</p><p style=\"text-align: left;\"><br /></p><p style=\"text-align: left;\">帕特是个老派的技术人员。他做这个不是为了自己的个人履历。相反，他利用自己的职业经历和经验以及纪律，但却退后一步，操控一大群非常聪明的个人前往一个方向。</p><p style=\"text-align: left;\"><br /></p><p style=\"text-align: left;\">如果这一方向正确，他们会感受到巨大的成功，锁定第一排，并且以3-4完成比赛将让他们体会到这一感觉。</p><p style=\"text-align: left;\"><br /></p><p style=\"text-align: left;\">我在2014年的第一次赫雷斯试车上与帕特聊了一下。我问他新规则下，冬季研发过的如何，他回答很简单：威廉姆斯车队达到了一切所设定的目标。<br /></p><p style=\"text-align: left;\"><br /></p><p style=\"text-align: center;\"><img id=\"attach_10\" src=\"/cms/resources/upload/1487986541416.jpg\" alt=\"\" /><br /></p><p style=\"text-align: center;\"><br /></p><p style=\"text-align: left;\">其他所有车队都在说冬季过的如何艰难。但帕特则不。他很冷静镇静。每一条在工作单上的项目都被划去了，试车只是解决不可避免会出现的新问他。</p><p style=\"text-align: left;\"><br /></p><p style=\"text-align: left;\">当我第一次看到这辆车在赛道上跑的时候，它看起来感觉很好。他有非常强的前轮操控性，入弯很好，能直指弯心。这对于任何赛车来说都是非常重要的。</p><p style=\"text-align: left;\"><br /></p><p style=\"text-align: left;\">如果一辆车有固有的转向不足，那么车手只能坐着，等待着前端拥有抓地力，你就没法鞭策它取得更好的车速。有些时候，还会付出让后轮过热的代价，我想威廉姆斯现在的平衡很好。</p><p style=\"text-align: left;\"><br /></p><p style=\"text-align: left;\">与威廉姆斯家族一起，帕特参与了从法拉利挖来斯梅德利担任首席车辆工程师的决定。罗伯带来了法拉利的大量经验，希望还有一些和我在乔丹共事时，我教授提给他知识。</p><p style=\"text-align: left;\"><br /></p><p style=\"text-align: left;\">他的位置也很重要，因为要提高，你必须确定赛车的弱点在哪里，并找出其中的不足。以这个为背景，你能有常规的研发计划，但任何赛车，无论它有多好，在赛道上都有原生的弱点。</p><p style=\"text-align: left;\"><br /></p><p style=\"text-align: left;\">如果无法判断出弱点在哪里，并投入资源解决问题，你就无法意识到赛车真正的潜力。你从之前法拉利的车队与马萨的无线电通话中就知道，罗伯是一个知道在干什么事情的家伙。</p><p style=\"text-align: left;\"><br /></p><p style=\"text-align: left;\">对于任何车队而言，车手是最终将产品开上赛道的人。马萨和博塔斯，是两个能给出成绩的车手。</p><p style=\"text-align: left;\"><br /></p><p style=\"text-align: left;\">如所有公司和其产品一样。要是产品不能达到应有的效果，人们也就不会买，公司也就消失了。</p><p style=\"text-align: left;\"><br /></p><p style=\"text-align: left;\">威廉姆斯曾一度面临风险。但通过做出一些艰难的决定，现在他们的产品已经跻身优秀之列。<br /></p>','',0,'2017-02-25 09:39:53','2017-02-25 00:00:00','超级管理员',3,1),(3,'维特尔对法拉利还剩多少耐心','维特尔|',1,0,'<p><img id=\"attach_12\" src=\"/cms/resources/upload/1487987989684.jpg\" alt=\"\" /></p><p><br /></p><p>维特尔在法拉利的首个赛季就迎来了一个特别的开始，而第二个赛季的表现则有所下滑——这样的走势，阿隆索表示感同身受。<br /></p><p><br /></p><p>一边是刚刚经历了一个挣扎的赛季，亟需一位新星车手并围绕他重建，以期实现雄心壮志的车队，另一边是同样经历了一个艰难的赛季，期望得到新的挑战与动力的四冠王车手。</p><p><br /></p><p>两边有着共同的目标：扭转眼下的颓势，重回巅峰。他们的交集有着一个美好的开始，维特尔在加盟新车队的第一年就赢得了三次分站冠军，而法拉利则在维特尔出色的发挥下渐渐复苏，在车队积分榜上更进一步，可是这一切上升的势头却在接下来的一年戛然而止。</p><p><br /></p><p>法拉利竞争力出现下滑，维特尔本赛季至今还没能夺冠，在车手积分上更是远远落后。不过他们向公众传达的依旧是满满的正能量，相信彼此都在正确的道路上，一切都只是时间问题。</p><p><br /></p><p>这很容易被看做是维特尔到目前为止在法拉利的一个小结，然而前车之鉴，后事之师，实际上这不正是前任阿隆索在马拉内罗头两个赛季血淋淋的教训吗？</p><p><br /></p><p>头哥在跃马征战五载，表现优异，然而年复一年，法拉利都没法提供一辆有争冠实力的赛车，这也一点点吞噬了阿隆索的耐心。</p><p><br /></p><p>当然他在2010年和2012年曾无限接近总冠军，但就算是这样的赛季也基本概括了阿隆索在法拉利的境况——历尽千辛万苦，再利用对手犯错才取得了让人意想不到的好成绩。<br /></p><p><br /></p><p style=\"text-align: center;\"><img id=\"attach_11\" src=\"/cms/resources/upload/1487987989512.jpg\" alt=\"\" /><br /></p><p style=\"text-align: center;\"><br /></p><p style=\"text-align: left;\">到了2013年，红牛继续统治，而法拉利却依旧难以匹敌，这让阿隆索倍感失望，心生怨言。他的经纪人甚至都与红牛展开了谈判，而之后当时法拉利主席蒙特泽莫罗则劝诫阿隆索不要继续批评车队。</p><p style=\"text-align: left;\"><br /></p><p style=\"text-align: left;\">由于担心阿隆索离队，2014年法拉利从路特斯签下了Kimi，而阿隆索最终决定留下，这也葬送了胡肯伯格的跃马梦。</p><p style=\"text-align: left;\"><br /></p><p style=\"text-align: left;\">然而怀疑的种子早已埋入了头哥的心，经历了凄惨的2014赛季后（继1993年以来法拉利首次单季无冠），他最终选择远走。</p><p style=\"text-align: left;\"><br /></p><p style=\"text-align: left;\">由于壮志难酬，他们就这样分手了。阿隆索毅然选择了迈凯轮，可在这里，本田的引擎研发步履蹒跚，要是想要实现他长久以来梦想的第三个总冠军，那得看他退役前一切会不会变好了。</p><p style=\"text-align: left;\"><br /></p><p style=\"text-align: left;\">再看维特尔，和阿隆索相似，作为四冠王，被“效力于这支F1豪门车队”的浪漫情怀所吸引，也加入了法拉利。他们合作的第一个赛季就三次拿下分站冠军，并且开始挑战F1的新贵梅赛德斯，看起来他们前途光明，一切都十分美好。</p><p style=\"text-align: left;\"><br /></p><p style=\"text-align: left;\">虽说维特尔还不足以争夺总冠军，但他几乎把罗斯伯格从车手积分第二的位置上挤了下来，并且对法拉利的资源和潜力信心满满，相信一个冬天后他们一定能突飞猛进。</p><p style=\"text-align: left;\"><br /></p><p style=\"text-align: left;\">听起来似曾相识，不是吗？<br /></p><p style=\"text-align: left;\"><br /></p><p style=\"text-align: center;\"><img id=\"attach_14\" src=\"/cms/resources/upload/1487988023335.jpg\" alt=\"\" /><br /></p><p style=\"text-align: center;\"><br /></p><p style=\"text-align: left;\">固然，维特尔现在还不算处于危机中，但如果再夺总冠军的满腔热情，一而再再而三地被法拉利的短板所挫伤，那么毫无疑问，他很难会坚持下来。</p><p style=\"text-align: left;\"><br /></p><p style=\"text-align: left;\">上赛季面对新面孔、新机遇和新挑战，他们有所进步，但2016年，维特尔和法拉利则出现了明显的滑坡。</p><p style=\"text-align: left;\"><br /></p><p style=\"text-align: left;\">上个赛季，十场比赛后维特尔已经拿下了两个冠军，每场比赛都有积分入账，并且七次站上领奖台。这个赛季他已经三次退赛了，没有分冠，仅有五次站在领奖台，积分也比去年同期少。</p><p style=\"text-align: left;\"><br /></p><p style=\"text-align: left;\">从成绩上看不够好，赛车的表现也同样也不尽如人意。平均来看，就法拉利和梅赛德斯在这两个赛季前十场排位赛速度差距的百分比而言，法拉利要弱于他们的对手。2015年差距是0.835%，今年这一数字则是0.913%。</p><p style=\"text-align: left;\"><br /></p><p style=\"text-align: left;\">我法危矣！复苏的红牛迎头赶上，牢牢占据第二梯队，今年也有一次分站冠军，实际上本该是两次，他们在银石也是梅奔强有力的挑战者。</p><p style=\"text-align: left;\"><br /></p><p style=\"text-align: left;\">对法拉利来说，英国站则让他们的缺点暴露无遗。高速赛道，下压力为王，很明显他们只是第三快的车队，而更让他们忧虑的应该是和梅奔的差距，2015年是1.226%，今年则是1.835%。</p><p style=\"text-align: left;\"><br /></p><p style=\"text-align: left;\">法拉利现款引擎比2014年款明显好得多，并且和奔驰差距并不很大，不过SF-16H在弯中的表现还是不敌W07。</p><p style=\"text-align: left;\"><br /></p><p style=\"text-align: left;\">Kimi也承认现在赛车缺乏下压力，并且用于设定的窗口似乎很小，因而在调校时常常顾此失彼。</p><p style=\"text-align: left;\"><br /></p><p style=\"text-align: left;\">“我们缺失了很多下压力，也正因此，像在这里（银石）的比赛并不轻松，”Kimi谈到，“我想下条赛道对我们来说会正常得多，不过下压力总是大有裨益，我们肯定还需要努力，这样各种类型的赛道都难不倒我们了。”</p><p style=\"text-align: left;\"><br /></p><p style=\"text-align: left;\">“这并不是说其他方面就不用改进了，各个方面都需要完善，不过当下，在这种赛道上，下压力是我们最严重的问题。”</p><p style=\"text-align: left;\"><br /></p><p style=\"text-align: left;\">在阿塞拜疆，问题在于低速弯的表现，而在摩纳哥和西班牙，则是赛车调校与轮胎匹配的问题。<br /></p><p style=\"text-align: left;\"><br /></p><p style=\"text-align: center;\"><img id=\"attach_13\" src=\"/cms/resources/upload/1487987990022.jpg\" alt=\"\" /><br /></p><p style=\"text-align: center;\"><br /></p><p style=\"text-align: left;\">法拉利在银石的表现可能只是整个赛季中的一个波动，不过这样的趋势还是很让人担忧。</p><p style=\"text-align: left;\"><br /></p><p style=\"text-align: left;\">SF-16H看起来并不易于理解并榨取潜能，显然法拉利需要担心的是在下压力方面的不足，更何况在明年的规则下，研发需要更加注重空气动力学。</p><p style=\"text-align: left;\"><br /></p><p style=\"text-align: left;\">随着各家动力单元的性能逐渐接近，空气动力学的研发势必将会吸引更多关注的目光。天平在渐渐向红牛和迈凯轮倾斜，而梅赛德斯继续独领风骚。</p><p style=\"text-align: left;\"><br /></p><p style=\"text-align: left;\">自从2008年打造出了当赛季最好的赛车以来，法拉利在这方面一直乏善可陈。2009年他们未能抢得双层扩散器的先机，随后又在吹气扩散器领域的研发落后于V8时代末期风光无限的红牛。现在，动力单元的研发愈加艰难，而在底盘上法拉利也显得很挣扎。</p><p style=\"text-align: left;\"><br /></p><p style=\"text-align: left;\">阿隆索渐渐对法拉利不断出现的问题感到厌倦，而维特尔对外还是正能量满满——毕竟当驾驶着这辆红色战车，他就在循着偶像舒马赫的脚步前进，不过现在蜜月期已经结束了。</p><p style=\"text-align: left;\"><br /></p><p style=\"text-align: left;\">维特尔不是阿隆索，不过他们都有着顶级冠军的特质：极致的驾驶，坚定的意志，还有对获胜永不停息的渴望。这些都让失败不过是他们眼中的过眼烟云。</p><p style=\"text-align: left;\"><br /></p><p style=\"text-align: left;\">要是法拉利还不能走出多年的颓势，迎头赶上，那维特尔这样天赋异禀而胸怀大志的车手会在多久以后，像之前的阿隆索那样，彻底受够了这些呢？</p><p style=\"text-align: left;\"><br /></p><p style=\"text-align: left;\">他对法拉利还剩几多耐心？<br /></p>','',0,'2017-02-25 10:05:42','2017-02-25 00:00:00','超级管理员',3,1),(4,'预言或是愚言：2017年黑马备选——迈凯伦','迈凯伦|',1,0,'<p><img id=\"attach_20\" src=\"/cms/resources/upload/1487990238141.jpg\" alt=\"\" /></p><p><br /></p><p>底盘和引擎方面的显著进步暗示着迈凯伦-本田联盟已经步入正轨。想要争夺2017年的总冠军是不太可能了，但还是有成为梅赛德斯，法拉利和红牛三方之中搅局者的潜质。<br /><br /><br />迈凯伦-本田很可能会成为2017F1赛季一个惊喜。这是个大胆断言。有些人会称之为愚言。</p><p><br /></p><p>当前，迈凯伦在2016年的制造商积分榜上排名第六，积分仅为领跑者梅赛德斯的十分之一。表现上差距巨大，而且很可能在明年一整年都无法追上梅赛德斯，但这并不意味着在2017赛季迈凯伦不值得对手们惧怕。</p><p><br /></p><p>本田缺乏动力以及稳定性让两者合作的第一年，也就是2015年成为一场噩梦。不过，整个冬季的努力工作卓有成效。今年的赛车驶上赛道参加季前测试让大家都送了一口气，事情运转顺利甚至可以说得上惊喜。</p><p><br /></p><p>赛车在八天中完成了2054圈，几乎是上年的一倍多，占总时间的2/3。今年，最快圈速相差1.9秒，而去年则相差2.4秒之多。</p><p><br /></p><p>六个月前，老司机简森巴顿表示自己只能坐等被抡，而六个月后的俄罗斯，动力回收系统升级让直道速度提升了28mph。今年，迈凯伦-本田在索契大奖赛上首次收获双积分。</p><p><br /></p><p>在比利时站，升级更加明显了。2015赛季，迈凯伦总是倒在Q1中，当时巴顿最好的圈速距离杆位相差2.070秒。一年之后，理论上来说他能进入Q3，并距离头名1.370s。在2015赛季，两位车手都在十名开外，被套一圈。今年，阿隆索以第七名获得积分并能在冠军之后59.445秒完成比赛。</p><p><br /></p><p>至于终极速度，利用supertime数据(具体见下）比较每辆车的最快单圈，不谈马诺车队，就比例而言迈凯伦-本田和去年相比进步最大。这对合作伙伴提升了0.798%，相对于梅赛德斯的差距缩小了2.245%。虽然迈凯伦还有很长的一段路要走，但车队已经找到正确的道路了。</p><p><br /></p><p><span style=\"font-size:12px;\">Supertime gain from 2015 - 2016<br />After 14 races. Based on the fastest single lap per event by each car.<br />Team<span style=\"white-space: pre;\">	</span>%<span style=\"white-space: pre;\">	</span>% change to 2015<span style=\"white-space: pre;\">	</span>2016 rank<span style=\"white-space: pre;\">	</span>2015 rank<br />Manor<span style=\"white-space: pre;\">	</span>103.818<span style=\"white-space: pre;\">	</span><span style=\"color:#009900;\">-2.641</span><span style=\"white-space: pre;\">	</span>11<span style=\"white-space: pre;\">	</span>10 (Marussia)<br />McLaren<span style=\"white-space: pre;\">	</span>102.261<span style=\"white-space: pre;\">	</span><span style=\"color:#009900;\">-0.765</span><span style=\"white-space: pre;\">	</span>7<span style=\"white-space: pre;\">	</span>9<br />Red Bull<span style=\"white-space: pre;\">	</span>100.959<span style=\"white-space: pre;\">	</span><span style=\"color:#009900;\">-0.562</span><span style=\"white-space: pre;\">	</span>3<span style=\"white-space: pre;\">	</span>3<br />Force India<span style=\"white-space: pre;\">	</span>101.603<span style=\"white-space: pre;\">	</span><span style=\"color:#009900;\">-0.181</span><span style=\"white-space: pre;\">	</span>5<span style=\"white-space: pre;\">	</span>7<br />Mercedes<span style=\"white-space: pre;\">	</span>100.016<span style=\"white-space: pre;\">	</span><span style=\"color:#009900;\">-0.057</span><span style=\"white-space: pre;\">	</span>1<span style=\"white-space: pre;\">	</span>1<br />Williams<span style=\"white-space: pre;\">	</span>101.603<span style=\"white-space: pre;\">	</span><span style=\"color:#990000;\">+0.059</span><span style=\"white-space: pre;\">	</span>4<span style=\"white-space: pre;\">	</span>4<br />Ferrari<span style=\"white-space: pre;\">	</span>100.894<span style=\"white-space: pre;\">	</span><span style=\"color:#990000;\">+0.119</span><span style=\"white-space: pre;\">	</span>2<span style=\"white-space: pre;\">	</span>2<br />Toro Rosso<span style=\"white-space: pre;\">	</span>102.106<span style=\"white-space: pre;\">	</span><span style=\"color:#990000;\">+0.188</span><span style=\"white-space: pre;\">	</span>6<span style=\"white-space: pre;\">	</span>5<br />Sauber<span style=\"white-space: pre;\">	</span>103.591<span style=\"white-space: pre;\">	</span><span style=\"color:#990000;\">+0.987</span><span style=\"white-space: pre;\">	</span>10<span style=\"white-space: pre;\">	</span>8<br />Renault<span style=\"white-space: pre;\">	</span>103.336<span style=\"white-space: pre;\">	</span><span style=\"color:#990000;\">+1.383</span><span style=\"white-space: pre;\">	</span>9<span style=\"white-space: pre;\">	</span>6 (Lotus)<br />Haas<span style=\"white-space: pre;\">	</span>102.657<span style=\"white-space: pre;\">	</span>n/a<span style=\"white-space: pre;\">	</span>8<span style=\"white-space: pre;\">	</span>-</span><br /></p><p><span style=\"font-size:12px;\"><br /></span></p><p><span style=\"font-size:12px;\">去年，本田是合作伙伴中较弱的一方。连日本制造商都承认，提供的引擎缺乏动力和稳定性。因此，大家需要认识到缩小差距一年并不足够，迈凯伦非常努力的注重降低阻力来抗衡因为缺少动力而导致的下压力不足。MP4-31赛车的设计正是基于这一点。</span></p><p><span style=\"font-size:12px;\"><br /></span></p><p><span style=\"font-size:12px;\">最终一个异常高效的底盘，最大可能地挖掘了本田升级带来的动力。赛车的低速表现不错，斯帕和蒙扎的进步表现同样证明了迈凯伦在高速情况下也能慢慢跟上节奏。</span></p><p><span style=\"font-size:12px;\"><br /></span></p><p><span style=\"font-size:12px;\">迈凯伦在前几年掉了队，在好车与拖拉机中不断摇摆。但是，自2013年底艾瑞克布利尔加入团队后，设计部门的调整也开始有了成效。</span></p><p><span style=\"font-size:12px;\"><br /></span></p><p><span style=\"font-size:12px;\">Peter Prodromou以首席工程师的身份归回团队给了队伍一剂强心针。2014年的阿布扎比大奖赛上有了第一个Prodromou的影响：前翼尝试了一个不同的思路。</span></p><p><span style=\"font-size:12px;\"><br /></span></p><p><span style=\"font-size:12px;\">各个部分的细化让迈凯伦能够跑近梅赛德斯，红牛和法拉利。再加上脱离了僵化的机械平台。这些都是底盘升级的基础。<br />这样的底盘需要一个更好的引擎。</span></p><p><span style=\"font-size:12px;\"><br /></span></p><p><span style=\"font-size:12px;\">回归F1的时候本田对将面对的挑战预计不足。2015年他们落后了一年，是使用新引擎规则后的第二年，因此在里程以及升级方面都处于劣势。想要追上资源丰富的梅赛德斯，法拉利和雷诺可不是那么容易的。<br /></span></p><p style=\"text-align: center;\"><br /></p><p style=\"text-align: center;\"><img id=\"attach_17\" src=\"/cms/resources/upload/1487990237700.jpg\" alt=\"\" /><br /></p><p style=\"text-align: center;\"><br /></p><p style=\"text-align: left;\"><br /></p><p style=\"text-align: left;\">这并非全新的组合，而是重装上阵，不过和本田上一次留在F1的2008年相比，时代变迁。他们的工程师远走，比赛周末的工作方式也不尽相同。迈凯伦对这些例行公事很熟悉，本田却非常陌生。因此他们花了几场比赛来跟上节奏。</p><p style=\"text-align: left;\"><br /></p><p style=\"text-align: left;\">分析数据的时候，克服交流张安也需要时间。渐渐地，在一年之后，现在一切都已经逐渐完整。双方的融合带来了信心，也因此提升了效率。</p><p style=\"text-align: left;\"><br /></p><p style=\"text-align: left;\">双方始终避免公开相互批评，就像过去到现在红牛-雷诺的关系一样。只是如今没那么多沮丧需要小心翼翼地隐藏了。毫无疑问，迈凯伦对本田依旧要求严格。这种状况将一直持续到联盟开始获得胜利。但是气氛已经大大改善，一个更愉悦的环境自然而然带来了更大的产出。</p><p style=\"text-align: left;\"><br /></p><p style=\"text-align: left;\">本田在引擎制造商排名依旧位列第四，但进步的速率更高了。当落后很多的时候，获得进步是轻而易举地，所以他们的速率会不可避免地减慢。不过本田似乎走在正确的道路上，尝试让自己变得更有竞争力。</p><p style=\"text-align: left;\"><br /></p><p style=\"text-align: left;\">阿隆索相信联盟能为前五而战，挑战法拉利听上去令人惊异，也似乎不太可能，但西班牙人相信队伍的方向正确。本田已经向雷诺靠拢。最重要的是，这支日本队伍能吸取教训，快速解决问题。</p><p style=\"text-align: left;\"><br /></p><p style=\"text-align: left;\">一个围场高层这样评价本田的提升与他的竞争对手有何区别。</p><p style=\"text-align: left;\"><br /></p><p style=\"text-align: left;\">“他们做的很不错。他们似乎提高了引擎的转速，动力回收也会有些不一样，”他说。“他们似乎在尝试不同的方式，这很有意思。”<br /></p><p style=\"text-align: left;\"><br /></p><p style=\"text-align: center;\"><img id=\"attach_19\" src=\"/cms/resources/upload/1487990238011.jpg\" alt=\"\" /><br /></p><p style=\"text-align: center;\"><br /></p><p style=\"text-align: left;\">去年ERS单元是本田的一大缺陷，但是巴顿相信他们拥有F1中最好的系统。在冬季进步和加拿大的涡轮升级后，他们已经完成了系统回收动力的翻倍。这意味着长直道末端也不会缺少能量。</p><p style=\"text-align: left;\"><br /></p><p style=\"text-align: left;\">随着ERS逐渐完善，本田开始将重心转移到内燃机上。在银石他们开始了第一次季中升级，目标提升内燃机效率和动力输出。</p><p style=\"text-align: left;\"><br /></p><p style=\"text-align: left;\">他们同样目标恢复因为涡轮升级而导致的引擎排放输出损失。之后在斯帕，他们改进了涡轮和V6引擎，在提升效率的同时将引擎排放输出恢复到加拿大升级前的水平。</p><p style=\"text-align: left;\"><br /></p><p style=\"text-align: left;\">接下来他们还有计划——理想的时间是在日本——将会完全注重引擎本身。振奋人心的是，本田带上赛道的每个升级都达到了预期。车手们反馈了动力的改善，而圈速和积分更是最清楚的成绩。</p><p style=\"text-align: left;\"><br /></p><p style=\"text-align: left;\">本田急于回到前排，他们竭尽全力，即便需要承受风险。在斯帕，本田首席长谷川（图见下）决定让阿隆索参加排位赛，他知道这是很冒险的举动。在早上，阿隆索就因为油压不足而停车，调整后，本田让他重回赛道，即便可能损失又一个引擎。</p><p style=\"text-align: left;\"><br /></p><p style=\"text-align: left;\">长谷川承受着来自迈凯伦的压力，但他最终下定决心，做出了决定。阿隆索一圈都没能跑完，长谷川因此承担过错。是的，损失了一个引擎，但是本来排位赛可能同样会被浪费掉，所以为什么不尝试一下呢？长谷川是一位赛车人，在接替新井康久后，他领导的本田已经有了显著的提升。<br /></p>','',0,'2017-02-25 10:44:40','2017-02-25 00:00:00','F1赛车世界',3,2),(5,'为何汽车厂商拒绝F1 而选择WEC？','WEC|',1,0,'<p><img id=\"attach_23\" src=\"/cms/resources/upload/1487990753011.jpg\" alt=\"\" /></p><p>今年的世界耐力锦标赛上演着丰田、保时捷和奥迪之间的对决，而与此同时在F1中，梅赛德斯击败了一家饮料公司。DIETER RENCKEN向我们解释为何WEC比F1更受汽车制造商的欢迎<br /><br /><br />上周日，丰田在英特拉格斯夺得了15年以来的第一个国际汽联主管的世界级赛事制造商冠军；而上一次丰田夺冠，还是在1999年的世界拉力锦标赛中。</p><p><br /></p><p>那一年，刚刚在勒芒24小时遭到沉重打击的丰田，在收获WRC冠军的同时，正准备倾其所有打造自己的F1车队。而就是这一支集全公司之力，耗资几十亿美元的车队，在整整8年的时间里没有带来一场胜利</p><p><br /></p><p>形成鲜明对比的是，在上周末的巴西，丰田终于获得了2014年世界耐力锦标赛的制造商冠军，而两周之前在巴林，#8车组的安东尼-戴维森和塞巴斯蒂安-布耶米刚刚加冕车手冠军。</p><p><br /></p><p>时间回溯到F1项目瓦解的2009年，公司进行了全面战略收缩，其赛车运动部门也转型为向客户承接外包服务为主。丰田在当时拥有被认为是业内最好的两套风洞，并且是F1参赛的八年里，所有参赛者中唯一一家可以在同一处设施内完成发动机和赛车生产的车队。以日本人典型的方式，TMG（原F1车队位于科隆郊外，业内最先进设施的管理者）选择了一条非常规路线。</p><p><br /></p><p>2012年的奥迪赛车在前轮使用威廉姆斯的飞轮能量回收，配合自家的V6柴油机驱动后轮；而丰田车队选择在GT500中经历考验的3.4L V8发动机和超级电容系统同时驱动后轮。TS030 HYBRID在勒芒的首次亮相并不顺利，测试中赛车就被撞毁，而在正赛中一辆车与慢车相撞，另一辆车则因为机械原因退赛。不过，至少TS030在比赛中曾短暂地处于领先位置，尽管汽油车彼时仍属于BoP劣势的一方。随着2013年BoP的修正，丰田顺理成章地在勒芒收获了亚军，冠军仍然被奥迪夺走，后者在2014年勒芒24小时再次包揽1-2名。</p><p><br /></p><p>也同样是在2014年，伴随着规则大改，TS040也选择在前轮安装一套超级电容系统，并借助新规则获得了巨大的速度优势。整个赛季，科隆造赛车始终处于争冠位置，拿下四个分站的胜利并在巴西的最终战因马克-韦伯的事故而在安全车带领下结束前紧追领先的919。在最终战中，由2.0T V4发动机和“传统”电池系统驱动的919赛车为保时捷获得了自1989年以来第一个耐力类世界锦标赛的全场冠军。</p><p><br /></p><p style=\"text-align: center;\"><img id=\"attach_21\" src=\"/cms/resources/upload/1487990752733.jpg\" alt=\"\" /><br /></p><p style=\"text-align: center;\"><br /></p><p style=\"text-align: left;\">随着2014年的大幕落下，三个不同的品牌，三种不同的解决方式在WEC的技术规则下，却带来了极为激烈的竞争。那么问题来了，为什么如此多的制造商会选择WEC呢？</p><p style=\"text-align: left;\"><br /></p><p style=\"text-align: left;\">周五德国埃森车展的赛车运动赞助商论坛为我们提供了部分答案。在一段题为“混动、高科技、高效”的主题演讲中，TMG的事业发展经理塞巴斯蒂安-杨森讲到，丰田可以用当年F1经费（每年约3亿美元）的四分之一拿到世界冠军，同时还开发了与公路车应用相关的技术。</p><p style=\"text-align: left;\"><br /></p><p style=\"text-align: left;\">丰田是世界上最大的汽车生产商，也是混动车的领先生产者，每年的销量达到1000万辆，其中10%是混动车。因此，丰田和WEC上的汽油混动路径形成了完美的契合，而能在参与到勒芒24小时的比赛中，甚至争冠也大大增加了其吸引力。</p><p style=\"text-align: left;\"><br /></p><p style=\"text-align: left;\">内部人士估计丰田每年的开销大概是奥迪和保时捷各自支出的一半。尽管实事求是地讲，三家的预算基本没有可比性，因为三家制造商对市场预算，VIP设施和开发费用的分配并不相同。那么问题又来了，为什么大众集团会允许两个品牌直接和对方竞争，这在外人看来似乎是花两倍的钱做同样的事。</p><p style=\"text-align: left;\"><br /></p><p style=\"text-align: left;\">同样，答案还是来自可持续发展和公路车应用：技术选择是自由的，四驱形式是自由的，很容易转化为商用的空气动力设计，再加上其他一些照明技术、雨刷技术等对封闭座舱耐力赛车至关重要的技术。</p><p style=\"text-align: left;\"><br /></p><p style=\"text-align: left;\">大众坚定的相信，与12场2小时的大奖赛相比，他的工程师可以在一场24小时的马拉松中学到更多的东西，换句话说，Vorsprung durch Technik.<br />另外一方面，同样在2014赛季中，F1赛车大约有31个小时处于激烈的竞争中，而WEC里比赛时间是F1的两倍还多。因而，对我们题目问题回答的另一半来自F1的现状：一个占据绝对优势的制造商，以补贴价格支持三支客户车队；一条一瘸一拐的跃马；一支没有冠名赞助商的小型运动车生产商；两支饮料队；叽叽喳喳的中游独立车队和两支被托管的破产者。技术规则严苛到发动机的V型夹角和固定点都被统。</p><p style=\"text-align: left;\"><br /></p><p style=\"text-align: left;\">说实话，打败这么一群乌合之众有什么好庆祝的？还不明白为什么蔡澈在周六斯图加特的梅赛德斯之星活动中号召宝马和奥迪加入F1么？今年丰田赢的是保时捷和奥迪，奔驰赢的是卖饮料的。。。</p><p style=\"text-align: left;\"><br /></p><p style=\"text-align: left;\">&quot;就豪华车市场而言，我们和宝马奥迪共享了80%的市场份额。”他说，&quot;的确，我们十分敬重我们的竞争对手——红牛、法拉利和其他人——但我们也欢迎更多的汽车制造商加入进来。”</p><p style=\"text-align: left;\"><br /></p><p style=\"text-align: left;\">法拉利对这项运动的意义，毫不夸张地讲，如果跃马打一个喷嚏，整个F1都会感冒。不过我们不禁要问，一项世界顶尖的赛事如此依赖某一支车队的运气，这样真的好么？</p><p style=\"text-align: left;\"><br /></p><p style=\"text-align: left;\">大众集团每年在汽车运动上烧掉6亿美元，参赛和主导项目遍布全球各地（WEC的保时捷和奥迪，WRC，GT客户项目，兰博基尼挑战赛，宾利客户项目，杜卡迪项目……），却不愿意为F1花哪怕1便士……</p><p style=\"text-align: left;\"><br /></p><p style=\"text-align: left;\">倒不是说世界第二花不起参加F1的经费，虽然这项运动的另一个名字“伯尼的烧钱游戏”现在更加知名。根据《汽车运动》的姊妹杂志Autocar，大众去年在研发上花掉了接近80亿美元，而在2013年恶劣的市场环境下盈利为100亿美元左右——奥迪贡献了40%。如梅赛德斯这样下大力气投入的F1项目，最多会花掉大众3.5亿美元来组建（假设不是通过直接并购一家车队作为基地），再加上每年大约2.5亿美元的经费（不包括赞助商支持）——与大众巨额研发开支或者奥迪的年利润相比不过是沧海一粟。</p><p style=\"text-align: left;\"><br /></p><p style=\"text-align: left;\">在被问道集团是否在未来考虑F1的可行性时，埃森车展上一位大众高管说：“F1？它有什么用？收益根本和投入不相符，电视观众数在下滑，车迷数量在减少，政治荒谬的要死，踩这淌浑水，我们能得到什么好处？&quot;顿了顿，他补充说，&quot;还有一个问题，你懂的那个人……&quot;然后诡异地一笑。</p><p style=\"text-align: left;\"><br /></p><p style=\"text-align: left;\">丰田在2009年离开F1的时候并不孤单，雷诺和宝马也这样做了——本田在一年之前离开。诚然，雷诺目前还是发动机供应商之一，但法国的线人告诉我们，雷诺对F1的现状很不开心：自己的预算是丰田披露WEC数量的两倍，结果雷诺自己的客户嘉宾还不能保证获得围场通行证！</p><p style=\"text-align: left;\"><br /></p><p style=\"text-align: left;\">BMW在离开F1后重返DTM，并且过的还算满意。德国房车大师赛和车迷的互动比F1，甚至比WEC还要好，围场对车迷和家属完全开放，票价经济可承受，赛车和市售车至少在样子上极为相似。另外，宝马在回归的第一年就从奥迪和奔驰手中抢走了车手、车队和制造商冠军。</p><p style=\"text-align: left;\"><br /></p><p style=\"text-align: left;\">我参加了WEC斯帕站和DTM红牛赛道站的比赛，因而可以和F1大奖赛做直接的比较——斯帕站两天吸引了40000名观众，F1三天吸引了80000名；DTM红牛站三天吸引了大约十万名观众，大概是F1观众数的一。</p><p style=\"text-align: left;\"><br /></p><p style=\"text-align: center;\"><img id=\"attach_22\" src=\"/cms/resources/upload/1487990752889.jpg\" alt=\"\" /><br /></p><p style=\"text-align: center;\"><br /></p><p style=\"text-align: left;\"><br /><br />相比之下，双倍积分的阿布扎比分站，只吸引了赛道容量（60000人）的80%，尽管主办方声称全部满座。霍根海姆的德国大奖赛吸引了五万名观众，匈牙利站的话，还是不要说的好。WEC的上海站主看台和巴西站从14弯到塞纳S的主看台，至少从电视镜头上来看都是人满为患。</p><p style=\"text-align: left;\"><br /></p><p style=\"text-align: left;\">相比之下。斯帕WEC的票价是八月份F1大奖赛的三分之一，而且还带有围场通行证，而德国房车大师赛周末的围场+发车格+周末票只要60欧元，而其主办方都宣布处于盈利状态。</p><p style=\"text-align: left;\"><br /></p><p style=\"text-align: left;\">F1担心对制造商吸引力不够，车迷数量下降吗？答案是显然的。阿布扎比大奖赛上，克莱尔-威廉姆斯宣布F1的商业权利持有者FOM已经成立了一支推广工作组来帮助伯尼。“（伯尼批准）成立了一个推广工作组，”她说，“以往我们开会的时候，基本上推广工作总是在日程的最后。我打算改变这个现状，威廉姆斯邀请所有的车队参与进来，成立这样一个推广工作组，寻找能够吸引更大的兴趣和更高参与度的方法。不仅仅是年轻观众，整个电视收视和现场观众数都在下降。”</p><p style=\"text-align: left;\"><br /></p><p style=\"text-align: left;\">“解决方法是有的，所以我们需要一起坐下来讨论。在第一次会上我们谈论了各种各样的方案，但重要的是接下来要推行下去，我们希望在明年澳大利亚大奖赛之前形成一个营销建议书。”</p><p style=\"text-align: left;\"><br /></p><p style=\"text-align: left;\">这一切听起来都很好，尽管有人可能会怀疑一个“反观众”的CEO的支持对这项工作就是是不是好事，但第一次会议后代表流出的一份文件中还是指出了一些问题：围场冰箱上的贴纸。管观众数下降干什么？先把围场冰激凌供应的标志问题解决了！</p><p style=\"text-align: left;\"><br /></p><p style=\"text-align: left;\">文件中提到的另一个建议——在队名和底盘名上加入“Hybrid”字样。可笑的是，尽管这一建议最后还是因为疑虑是否需要伯尼批准而被搁置，保时捷和丰田早就在WEC车队中这样做了。</p><p style=\"text-align: left;\"><br /></p><p style=\"text-align: left;\">另一个建议是车队从商业权益持有者（FOM）获取比赛（自己赛车的！）的6秒视频片段用于商业推广。但这个建议最后被否决了：“我们需要提供给伯尼一点东西作为交换……我不确定我们有什么……”蔡澈博士，你现在明白为什么奥迪、宝马情愿在别的地方玩，为什么丰田认为WEC不仅更高科技，而且在市场营销方面比F1更有效。这也是为什么大众和现代参加拉力，而标致在勒芒一直坚持到金融危机爆发。</p><p style=\"text-align: left;\"><br /></p><p style=\"text-align: left;\">换句话说，梅赛德斯是制造商冠军47年的历史中，除了雷诺之外唯一一家获得该荣誉的主流汽车厂商，也是现在留在F1的唯一一家主流汽车厂商。那么问题又来了，到底谁在和时代脱节？奥迪和宝马？还是奔驰？</p>','',0,'2017-02-25 10:51:00','2017-02-25 00:00:00','F1赛车世界',3,2),(6,'参观阿隆索博物馆',NULL,1,0,'<p>奥维耶多在西班牙北部，阿斯图里亚斯大区首府，从马德里乘火车全程4小时30分中左右；我们乘了早晨7：05一班，中午11点半到达。</p><p><br /></p><p style=\"text-align: center;\"><img id=\"attach_24\" src=\"/cms/resources/upload/1487992655207.jpg\" alt=\"\" /><br /></p><p><br /></p><p>出火车站，在天桥上看到的Oviedo街景。</p><p><br /></p><p style=\"text-align: center;\"><img id=\"attach_25\" src=\"/cms/resources/upload/1487992655740.jpg\" alt=\"\" /></p><p style=\"text-align: center;\"><br /></p><p style=\"text-align: left;\">去酒店Check In之后，第一件事就是去找头哥当年夺冠后回乡与乡亲们见面的那个阳台。</p><p style=\"text-align: left;\"><br /></p><p style=\"text-align: left;\">酒店的大叔告诉我们，那个阳台是议会驻地Ayuntamiento de Oviedo，在Plaza de la Constitución，当地人有时也直接叫这里Plaza del Ayuntamiento，很好找，就在San Isidoro El Real教堂旁边（这是奥维耶多第二大的教堂，除此之外，最大的Ovied大教堂Catedral de Oviedo也一定不能错过，门票7欧带英语讲解，可以拍照）然后我们就顺利地找到了头哥“发表获胜演说”的地方</p><p style=\"text-align: left;\"><br /></p><p style=\"text-align: center;\"><img id=\"attach_26\" src=\"/cms/resources/upload/1487992656253.jpg\" alt=\"\" /><br /></p><p style=\"text-align: left;\"><br /></p><p style=\"text-align: left;\">拿出手机和照片对比一下，嗯，就是这里啦（背景里就是San Isidoro El Real教堂）</p><br /><br />广场附近就有游客中心，和小伙伴去游客中心拿了地图，又问了下接待员阿姨奥维耶多的好吃的，准备继续逛，眼尖的小伙伴发现地图上写着Calle Fernando Alonso Diaz！头哥街！！果断按着地图出发。<br /><p>逛着逛着不知不觉就到了</p><p><br /></p><p style=\"text-align: center;\"><img id=\"attach_27\" src=\"/cms/resources/upload/1487992656756.jpg\" alt=\"\" /></p><p style=\"text-align: center;\"><br /></p><p style=\"text-align: center;\"><img id=\"attach_28\" src=\"/cms/resources/upload/1487992657269.jpg\" alt=\"\" /></p><p style=\"text-align: center;\"><br /></p><p style=\"text-align: center;\"><img id=\"attach_29\" src=\"/cms/resources/upload/1487992657779.jpg\" alt=\"\" /><br /></p><br /><br /><p>Museo Fernando Alonso~</p><p><br /></p><p style=\"text-align: center;\"><img id=\"attach_30\" src=\"/cms/resources/upload/1487992658290.jpg\" alt=\"\" /></p><p style=\"text-align: center;\"><br /></p><p style=\"text-align: center;\"><img id=\"attach_31\" src=\"/cms/resources/upload/1487992658797.jpg\" alt=\"\" /><br /></p><br /><br /><p>车基本都是按照年份排列的，不过R26之后是R28和R29，雷诺的放一起</p><p><br /></p><p style=\"text-align: center;\"><img id=\"attach_32\" src=\"/cms/resources/upload/1487992659310.jpg\" alt=\"\" /></p><p style=\"text-align: center;\"><br /></p><p style=\"text-align: center;\"><img id=\"attach_33\" src=\"/cms/resources/upload/1487992659807.jpg\" alt=\"\" /></p><p style=\"text-align: center;\"><br /></p><p style=\"text-align: center;\"><img id=\"attach_34\" src=\"/cms/resources/upload/1487992660321.jpg\" alt=\"\" /></p><p style=\"text-align: center;\"><br /></p><p style=\"text-align: center;\"><img id=\"attach_35\" src=\"/cms/resources/upload/1487992660826.jpg\" alt=\"\" /></p><p style=\"text-align: center;\"><br /></p><p style=\"text-align: center;\"><img id=\"attach_36\" src=\"/cms/resources/upload/1487992661336.jpg\" alt=\"\" /></p><p style=\"text-align: center;\"><br /></p><p style=\"text-align: center;\"><img id=\"attach_37\" src=\"/cms/resources/upload/1487992661842.jpg\" alt=\"\" /></p><p style=\"text-align: center;\"><br /></p><p style=\"text-align: center;\"><img id=\"attach_38\" src=\"/cms/resources/upload/1487992662345.jpg\" alt=\"\" /></p><p style=\"text-align: center;\"><br /></p><p style=\"text-align: center;\"><img id=\"attach_39\" src=\"/cms/resources/upload/1487992662854.jpg\" alt=\"\" /></p><p style=\"text-align: center;\"><br /></p><p style=\"text-align: center;\"><img id=\"attach_40\" src=\"/cms/resources/upload/1487992663361.jpg\" alt=\"\" /></p><p style=\"text-align: center;\"><br /></p><p style=\"text-align: center;\"><img id=\"attach_41\" src=\"/cms/resources/upload/1487992663858.jpg\" alt=\"\" /></p><p style=\"text-align: center;\"><br /></p><p style=\"text-align: center;\"><img id=\"attach_42\" src=\"/cms/resources/upload/1487992664364.jpg\" alt=\"\" /><br /></p>','',0,'2017-02-25 11:23:08','2017-02-25 00:00:00','F1赛车世界',4,2),(7,'谁将成为罗斯伯格的继任者？',NULL,1,0,'<p style=\"text-align: center;\"><img id=\"attach_44\" src=\"/cms/resources/upload/1487993266191.jpg\" alt=\"\" /><br /></p><p>罗斯伯格的意外退役空出了当今F1最炙手可热的席位之一，但梅赛德斯会选择哪位车手接任呢？</p><p><br /></p><p>随着F1世界冠军尼可·罗斯伯格的隐退，2017赛季多出了一个令人垂涎的席位。</p><p><br /></p><p>在梅赛德斯车队与刘易斯·汉密尔顿并肩作战是围场中绝大部分车手梦寐以求的良机，即使是在一周前认为自己的未来已经尘埃落定的一些人亦是蠢蠢欲动。</p><p><br /></p><p>不过梅赛德斯究竟会如何作选呢？提拔自家青训体系的潜力新人？飞天遁地拉拢围场最佳？从其他车队挖墙角？还是唤回淡出的F1老兵？</p><p>以下是《汽车运动》团队对梅赛德斯车队第二名车手的预测。</p><p><br /></p><p style=\"text-align: center;\"><img id=\"attach_45\" src=\"/cms/resources/upload/1487993266371.jpg\" alt=\"\" /><br /></p><p><strong><span style=\"color:#cc0000;\">帕斯卡·维尔莱茵</span></strong></p><p><br /></p><p>梅赛德斯的青训车手帕斯卡·维尔莱茵是最为顺理成章的选择，当然这很可能只是一个过渡策略。</p><p><br /></p><p>维尔莱茵今年在马诺的菜鸟赛季相当出色，驾驶围场理论最慢赛车五次跻身Q2，并且在7月的奥地利大奖赛中不可思议地取得积分。</p><p><br /></p><p>红牛环是维尔莱茵大展身手的舞台——Q1以前十成绩晋级，Q2拿下第12名的赛季最佳排位成绩。梅赛德斯车队领队托托·沃尔夫赞其为“不同寻常的男孩”。</p><p><br /></p><p>同为梅赛德斯青训营出身的后辈埃斯特本·奥康似有“鹊占鸠巢”之嫌，他在加入马诺10场大奖赛后就得以在下赛季晋升到梅赛德斯的客户车队印度力量。</p><p><br /></p><p>然而这并非出于梅赛德斯的决定，而是印度力量更加看好奥康。在两位车手分别为车队进行测试之后，奥康在上赛季奥地利大奖赛后的年轻车手试车环节中的表现令他们格外印象深刻。</p><p><br /></p><p>维尔莱茵在和哈尔扬托搭档时力压队友，而在奥康加盟之后，也守住了优势地位，但只是在排位赛中。</p><p><br /></p><p>这位2015年DTM冠军在梅赛德斯车队内部有着颇高评价；他对车队也更为了解，在过去的三年中作为储备车手和车队一起度过了为期七天半的测试，今年的倍耐力轮胎测试也由他担任。</p><p><br /></p><p>维尔莱茵是个合适的选择。卫冕世界冠军车队将不需要在车手市场中赶晚集，也不用为一位明星车手支付合同违约金。</p><p><br /></p><p>可别忘了梅赛德斯车队已经拥有了刘易斯·汉密尔顿。</p><p><br /></p><p>以后的发展任君猜想。塞巴斯蒂安·维特尔、吉米·莱科宁、费尔南多·阿隆索、瓦尔特里·博塔斯、塞尔吉奥·佩雷斯、小卡洛斯·塞恩斯和简森·巴顿（如果迈凯伦主动放弃合同选项的话），到了2017年底都是自由之身。</p><p><br /></p><p style=\"text-align: center;\"><img id=\"attach_46\" src=\"/cms/resources/upload/1487993266468.jpg\" alt=\"\" /><br /></p><p><strong><span style=\"color:#cc0000;\">塞巴斯蒂安·维特尔</span></strong></p><p><br /></p><p>要列出三位当代F1最佳车手的话，肯定有刘易斯·汉密尔顿和塞巴斯蒂安·维特尔的名字。</p><p><br /></p><p>断然也不会有人对这两位车手同队不感到激动和期待的。只要梅赛德斯维持过往几年的研发水平，他们将为胜利和世界冠军头衔展开死斗。</p><p><br /></p><p>尽管希望渺茫，这一组合却是F1所需要的。维特尔和汉密尔顿包揽了过去9年的7个年度冠军，为新世代车手树立了标杆。纵然梅赛德斯是一家国际化企业，维特尔替代罗斯伯格成为本土元素也是相当好的选择。</p><p><br /></p><p>维特尔到底能不能成行本身也是件很有意思的事情。明年他与法拉利仍然有合同，但是在2015年的梦幻开始之后，法拉利今年却是不进则退。赛季前的雄心壮志换来无冠收场，一切仿佛当年舒马赫到来之时的情形。</p><p><br /></p><p>维特尔选择继续留下的最大要因是他希望重走舒马赫的成功之路；反之，他也应该注意到费尔南多·阿隆索在低迷的法拉利挥霍了职业生涯的巅峰时光。</p><p><br /></p><p>我们想看到最好的车手驾驭最棒的赛车。塞巴斯蒂安，是时候审视一下你的合同、然后再和托托谈谈心了。</p><p><br /></p><p style=\"text-align: center;\"><img id=\"attach_47\" src=\"/cms/resources/upload/1487993266611.jpg\" alt=\"\" /><br /></p><p><strong><span style=\"color:#cc0000;\">费尔南多·阿隆索</span></strong></p><p><br /></p><p>细数过往十年的最佳车手，你很可能会首先想到刘易斯·汉密尔顿、塞巴斯蒂安·维特尔和费尔南多·阿隆索。</p><p><br /></p><p>有些讽刺的是，迈克尔·舒马赫时代的终结者阿隆索，至今只有两个世界冠军，并且已经十年和冠军无缘了。与此同时，维特尔和汉密尔顿却分别拥有四个和三个冠军头衔。</p><p><br /></p><p>阿隆索在法拉利的五年里，车队大部分时间没能提供给他与其能力匹配的赛车，而他凭借自己的努力得到两次争冠机会，却最终功亏一篑；迈凯轮甚至无法造出一辆有领奖台竞争力的赛车，虽有进步，但对于35岁的阿隆索而言，时间已经不多了。</p><p><br /></p><p>如果阿隆索能够接替罗斯伯格，以他的实力而言，几乎可以断定又一次的争冠机会即将来临。更值得期待的是，“汉密尔顿 vs 阿隆索”第二部即将上演。</p><p><br /></p><p>对于车手和车队，这种组合可能是三败俱伤的结局。2007年两名车手在迈凯轮的对决堪比火星撞地球，即使事情过去已久，可两名F1最佳车手的再聚首又何尝不令人心动。</p><p><br /></p><p>和两人都搭档过的巴顿，认为阿隆索最为全面，而汉密尔顿在职业生涯第二次败于队友之后一定对胜利充满渴求。</p><p><br /></p><p>显然这不是最现实的选择，阿隆索和迈凯轮也仍然有一年的合同未履行，但这一定是最为激动人心的选择。</p><p><br /></p><p style=\"text-align: center;\"><img id=\"attach_48\" src=\"/cms/resources/upload/1487993266729.jpg\" alt=\"\" /><br /></p><p><strong><span style=\"color:#cc0000;\">埃斯特本·奥康</span></strong></p><p><br /></p><p>在给汉密尔顿“意淫”了一系列有趣的搭档（比如费尔南多·阿隆索、丹尼尔·里卡多、马克斯·维斯塔潘和塞巴斯蒂安·维特尔）之后，让我们回归“小清新”路线，将合同因素以及阿德里安·纽维在新规则下可能大显身手考虑在内。</p><p><br /></p><p>梅赛德斯的两位青训车手在2016年下半赛季同时驰骋在F1赛场——埃斯特本·奥康在季中开始搭档帕斯卡·维尔莱茵在马诺效力。</p><p><br /></p><p>诚然，奥康和印度力量已经签下了下赛季的合约，但是梅赛德斯愿意以引擎为筹码从中斡旋的话，就不会是大问题。</p><p><br /></p><p>梅赛德斯声称在印度力量选择奥康而不是维尔莱茵顶替尼可·胡肯伯格一事上未作任何干预，如果这的确是个损人不利己的决定，他们也不会坐视这支来自银石的车队自断前路。</p><p><br /></p><p>奥康前往印度力量，对梅赛德斯而言还有一层意义——雷诺终于打不了法国人的主意了。奥康本赛季伊始作为雷诺的储备车手参与试车，而后两队就他的归属问题长期纠缠不清。</p><p><br /></p><p>奥康曾经在F3击败过维斯塔潘（荷兰人当时只是初涉F3），因而假设梅赛德斯将他从印度力量强行提拔上来，也不会太突兀。</p><p><br /></p><p>梅赛德斯很可能把席位用于投资车队的未来，既然有了汉密尔顿和维斯塔潘的成功在前，大胆的决定回报率也不会低。</p><p><br /></p><p>奥康是正确的选择，他绝不会只是等待大牌车手前来的过渡人选。</p><p><br /></p><p style=\"text-align: center;\"><img id=\"attach_49\" src=\"/cms/resources/upload/1487993266858.jpg\" alt=\"\" /><br /></p><p><strong><span style=\"color:#cc0000;\">简森·巴顿</span></strong></p><p><br /></p><p>在阿布扎比大奖赛上，简森·巴顿从座舱里迈出，与他的朋友和家人一一拥抱，看上去他已经准备好去享受后F1生涯的生活了。</p><p><br /></p><p>对这名2009年的世界冠军而言，这几年过得不太顺利：15年长期挣扎于队尾；本赛季也只是将将能拿积分的中游水平。</p><p><br /></p><p>2000赛季以来一直在F1车坛奋斗的巴顿，现在想要的是在他喜欢的时间做他喜欢的事情，但当三届世界冠军车队找上门来，恐怕很难拒绝。</p><p><br /></p><p>在所有明年没有定下席位的车手之中，巴顿是最有经验的。他很容易相处，也极有可能抓住最后一次机会为第二个世界冠军再拼搏一番。</p><p><br /></p><p>这一选择也不会动摇车队现状，汉密尔顿不太可能视巴顿为大敌。他俩在迈凯轮的三年合作良好，而巴顿的总积分还高于他的老乡。</p><p><br /></p><p>由于巴顿和迈凯轮之间有2018年储备车手的合同选项，梅赛德斯需要和迈凯轮达成谅解。</p><p><br /></p><p>签下尚未正式打上“退役”标签的巴顿比起尝试拿下与他同一水平的“香饽饽”车手要容易很多，而且性价比也高。</p><p><br /></p><p>一年合同是双方都乐于接受的，尤其是2017年底维特尔、阿隆索和瓦尔特里·博塔斯将没有合同的约束，同时梅赛德斯青训车手埃斯特本·奥康和帕斯卡·维尔莱茵也能再累积一年的经验。</p>','',0,'2017-02-25 11:32:30','2017-02-25 00:00:00','F1赛车世界',4,2),(8,'2000赛季车手评分','2000赛季|',1,0,'<div style=\"text-align: center;\"><img id=\"attach_56\" src=\"/cms/resources/upload/1487993950586.jpg\" alt=\"\" /></div>在“F1 2000”特辑第二期，《汽车运动》将带大家回眸进入千禧年后首个赛季的车手评分——其中不乏关于首胜得主、冠军再起和冉冉新星的精彩故事。<br /><br /><br /><p>现今《汽车运动》在每站大奖赛后的车手评分总是颇受读者关注，也常常引来争论之声。</p><p>作为本周回顾F1 2000赛季的一部分，我们将以10分制打分方式为在这一整个赛季中亮相的每位车手做出评点，同时呈现在纸质版杂志特刊和网络版专栏上。</p><p><br /></p><p>评分标准略不同于现下：我们将参考多方素材，包括《汽车运动》和《赛车运动新闻》的相关报道和2000赛季的各项数据。</p><p><br /></p><p>最终得分将是《汽车运动》在2000赛季每一站大奖赛后报道的平均值。原则上车手们按照得分高低降序排列，其中卢西亚诺·伯尔蒂由于只有一次出赛经历而被</p><p>排在最后。如遇平分情况，则会依次参考小数点后数位；若仍然不分高低，会参考车手实际得分排列。</p><p><br /></p><p>排名无关乎车手的职业生涯成就高低、天赋几何，仅涉及这一赛季的表现。</p><p><br /></p><p><br /></p><p><strong><span style=\"color:#cc0000;\">1、迈克尔·舒马赫</span></strong></p><p><br /></p><p>法拉利 F1-2000</p><p><br /></p><p>分站冠军：9</p><p><br /></p><p>杆位：9</p><p><br /></p><p>年终名次：1</p><p><br /></p><p>评分：8.8</p><p><br /></p><p>毫无疑问，他是本赛季最闪耀的车手。即便在对手哈基宁反扑势头强劲、甚至于匈牙利到意大利的三个回合期间领跑积分榜的情况下，坚韧不拔终令他略胜一筹。</p><p>除了奥地利和德国两站的第一弯退赛，他几乎不会辜负任何期待。他是如此无懈可击，在比利时站之后的四连胜使得车手和车队的冠军之争彻底失去悬念。</p><p>力抗“法拉利第二就是失败”的重压，了不起的赛季表现。</p><p><br /></p><p><span style=\"color:#cc0000;\"><strong>2、米卡·哈基宁</strong></span></p><p><br /></p><p>迈凯伦-梅赛德斯 MP4-15</p><p><br /></p><p>分站冠军：4</p><p><br /></p><p>杆位：5</p><p><br /></p><p>年终名次：2</p><p><br /></p><p>评分：8.8</p><p><br /></p><p>就巅峰能力而言，哈基宁不亚于迈克尔·舒马赫。在比利时斯帕大奖赛的绝世超越甚至可以表明他更为出色，然而他所缺乏的，正是德国对手那种周而复始、不衰的稳定发挥。</p><p><br /></p><p>赛季伊始，他曾险些掉队，一度逊色于队友大卫·库尔萨德。在夏休之后他及时复苏，不但压过队友一头，也在积分榜上占居鳌头。但这些不足以击败舒马赫。</p><p>若非上半赛季的糟糕表现，他仍可有机会拿下世界冠军头衔。</p><p><br /></p><p><strong><span style=\"color:#cc0000;\">3、雅克·维伦纽夫</span></strong></p><p><br /></p><p>英美-本田 002</p><p><br /></p><p>最佳完赛名次：4</p><p><br /></p><p>最佳排位赛名次：5</p><p><br /></p><p>年终名次：7</p><p><br /></p><p>评分：8.1</p><p><br /></p><p>加拿大人将英美的升级版赛车推向极致，实力碾压了队友宗塔。即使将他作为车队绝对核心的因素纳入考虑，也依旧难掩他在整个赛季中多次亮眼表现的光芒。</p><p>在澳大利亚拿下英美车队的首个积分后，维伦纽夫又多次凭借一系列出色的发车和艰苦卓绝的缠斗屡屡位列积分区。</p><p>诚然，他在奥地利与领奖台一步之遥，但在伊莫拉的第六完赛含金量更高。</p><p><br /></p><p><strong><span style=\"color:#cc0000;\">4、大卫·库尔萨德</span></strong></p><p><br /></p><p>迈凯轮-梅赛德斯 MP4-15</p><p><br /></p><p>分站冠军：3</p><p><br /></p><p>杆位：2</p><p><br /></p><p>年终名次：3</p><p><br /></p><p>评分：7.9</p><p><br /></p><p>倘若F1赛季仅有从伊莫拉到马尼库尔的7站大奖赛，那么苏格兰人将凭借3胜积44分荣膺世界冠军头衔。库尔萨德在西班牙苦斗拿下亚军一役尤为令人印象深刻，因为就在前几天，他刚刚从一场导致两名飞行员丧生的坠机事故中死里逃生。</p><p>在法国的惊天大胜，在巴西克服变速箱问题夺得亚军（虽然后来因前翼高度违规被取消成绩），实力雄厚的他却又无法获得相应的成绩，着实有些让人费解。<br /></p><p>哈基宁状态回勇之后，库尔萨德又再次陷入沉寂。</p><p><br /></p><p><strong><span style=\"color:#cc0000;\">5、拉尔夫·舒马赫</span></strong></p><p><br /></p><p>威廉姆斯-宝马 FW22</p><p><br /></p><p>最佳完赛名次：3</p><p><br /></p><p>最佳排位赛名次：4</p><p><br /></p><p>年终名次：5</p><p><br /></p><p>评分：7.7</p><p><br /></p><p>德国人常常扮演位居银红双雄之后的“地球组冠军”角色。毕竟威廉姆斯-宝马没有同两巨头分庭抗礼的实力，他的成绩已是理论最佳。</p><p>拉尔夫颇具实力，除开一些低级失误，他总能在正赛第一圈表现强势，最后频频获得佳绩。只是无法在排位赛中取得好位次，直接影响到他的正赛成绩。</p><p>另一方面，简森·巴顿不断地进步，不时给拉尔夫施加压力；而他自己也偶尔会挣扎于调教问题。但总体来看，依然是非常出色的一个赛季。</p><p><br /></p><p style=\"text-align: center;\"><img id=\"attach_55\" src=\"/cms/resources/upload/1487993950480.jpg\" alt=\"\" /><br /></p><p>6、雅诺·特鲁利</p><p><br /></p><p>乔丹-无限 本田 EJ10</p><p><br /></p><p>最佳完赛名次：4</p><p><br /></p><p>最佳排位赛名次：2</p><p><br /></p><p>年终名次：10</p><p><br /></p><p>评分：7.5</p><p><br /></p><p>特鲁利肩负众望从普罗斯特车队转会至乔丹车队，而他无可争议得驾驶能力有限的赛车制造了多处高光，特别是在排位赛中。</p><p>然而他在和海因茨·哈拉尔特·弗伦岑的比拼中处于下风——往往在周六力压德国队友，又在周日被其击败，只有一次例外。</p><p>糟糕的运气令他损失了不少积分。在斯帕，如果没有被巴顿撞击，他有可能登上领奖台；其他一些比赛，则是自己的失误葬送好局。</p><p>要是他的稳定性再高一些，就断然不会仅以6个积分收场。</p><p><br /></p><p><strong><span style=\"color:#cc0000;\">7、简森·巴顿</span></strong></p><p><br /></p><p>威廉姆斯-宝马 FW22</p><p><br /></p><p>最佳完赛名次：4</p><p><br /></p><p>最佳排位赛名次：3</p><p><br /></p><p>年终名次：8</p><p><br /></p><p>评分：7.4</p><p><br /></p><p>对于一个只有2年赛车经验的F3跳级生，失误和波动都毫不意外。</p><p>一旦巴顿做好了一切准备，他会升华到顶尖车手的行列。威廉姆斯车队的技术总监帕特里克·海德甚至将他与阿兰·普罗斯特作比。</p><p>第二站收获一个积分、本土赛事中入围前五，对巴顿来说是个好的开始。但是他的天赋真正引来关注是在下半赛季。</p><p>在霍根海姆的雨战第四个冲线，是他的赛季最佳成绩。斯帕和铃鹿的排位赛则是赛季最大的亮点。</p><p><br /></p><p><strong><span style=\"color:#cc0000;\">8、鲁本斯·巴里切罗</span></strong></p><p><br /></p><p>法拉利 F1-2000</p><p><br /></p><p>分站冠军：1</p><p><br /></p><p>杆位：1</p><p><br /></p><p>年终名次：4</p><p><br /></p><p>评分：7.4</p><p><br /></p><p>被提拔为舒马赫的僚机对巴西人而言机遇和挑战并存。他干得不错，在情况极为复杂的德国大奖赛谋得职业生涯的首胜。</p><p><br /></p><p>事实上他还有很好的机会赢得更多冠军：在英国获得杆位并且一路领跑的情况下，变速箱问题不期而至；在加拿大，胜利也几乎唾手可得，但最终他选择了留在</p><p>情况不佳的队友身后。或许他有时过于追求将赛车推向极限，也有一些找不到调教的情况出现，但大部分情况下，他很是胜任法拉利二号车手的工作。</p><p><br /></p><p><strong><span style=\"color:#cc0000;\">9、海因茨·哈拉尔特·弗伦岑</span></strong></p><p><br /></p><p>乔丹-无限 本田 EJ10</p><p><br /></p><p>最佳完赛名次：3</p><p><br /></p><p>最佳排位赛名次：2</p><p><br /></p><p>年终名次：9</p><p><br /></p><p>评分：7.4</p><p><br /></p><p>上个赛季身处争冠军团内的弗伦岑，本赛季自然背负颇多期待，然而乔丹赛车并不具备这样的竞争力。</p><p>排位赛屡败于“特一圈”，但他总能在正赛中反败为胜。</p><p>两个领奖台并不能匹配他的表现——他理应有机会在德国大奖赛上站上领奖台，却因为交流发电机故障痛失第二。</p><p>他自己的失误也拖了后腿，特别是在摩纳哥从第二位置上撞车退赛。乔丹可怜的稳定性也让他丢了一些积分。</p><p><br /></p><p><strong><span style=\"color:#cc0000;\">10、让·阿莱西</span></strong></p><p><br /></p><p>普罗斯特·标致 AP03</p><p><br /></p><p>最佳完赛名次：9</p><p><br /></p><p>最佳排位赛名次：7</p><p><br /></p><p>年终名次：22</p><p><br /></p><p>评分：7.2</p><p><br /></p><p>老阿莱西在这一赛季中几次闪光，摩纳哥排位赛名列第七就是其中代表。</p><p>要知道，普罗斯特赛车在赛季的其余比赛中最佳的排位仅为第13名，大部分都惨不忍睹。</p><p>可惜的是传动装置故障毁了获取积分的机会。其他比赛的情况也是一言难尽，勤恳的他却经常无法驶过终点线。</p><p>我们实在不能怪罪于他，不靠谱的赛车不停地打击着他。不过在奥地利站撞向海菲尔德的操控确实是一个愚蠢的黑点。</p><p><br /></p><p style=\"text-align: center;\"><img id=\"attach_54\" src=\"/cms/resources/upload/1487993950313.jpg\" alt=\"\" /><br /></p><p><strong><span style=\"color:#cc0000;\">11、约斯·维斯塔潘</span></strong></p><p><br /></p><p>飞箭-Supertec A21</p><p><br /></p><p>最佳完赛名次：4</p><p><br /></p><p>最佳排位赛名次：8</p><p><br /></p><p>年终名次：12</p><p><br /></p><p>评分：7.2</p><p><br /></p><p>荷兰人的排位赛表现平平，但在正赛中可圈可点，尽管健康问题让他的席位看来摇摇欲坠。</p><p>最引人注目的表现是在蒙扎得第四，其次是蒙特利尔的第五。</p><p>赛车可靠性和一些自身失误，终究使他们没能更进一步得获取积分，也未能达到预期的制造商第五。</p><p>维斯塔潘较之队友佩德罗·德·拉·罗萨更为持久稳定，但西班牙人的最高成绩更胜一筹。</p><p><br /></p><p><strong><span style=\"color:#cc0000;\">12、佩德罗·德·拉·罗萨</span></strong></p><p><br /></p><p>飞箭-Supertec A21</p><p><br /></p><p>最佳完赛名次：6</p><p><br /></p><p>最佳排位赛名次：5</p><p><br /></p><p>年终名次：16</p><p><br /></p><p>评分：7.1</p><p><br /></p><p>西班牙人在排位赛中长期压制队友，取得了12：5的完胜。只是在鲜有的两次飞箭双双完赛的情况下，队友总是排在他身前。</p><p>德·拉·罗萨也有过几次出色的驾驶，不过没能换得积分回报。在奥地利，变速箱故障摧毁了他的登台机会；在霍根海姆则是他自己从第三的位置滑出赛道。</p><p>飞箭赛车相对较低的下压力使得赛车不易于操控，但当他状态良好的时候总能榨取赛车的能力，他的上限显然更高。</p><p><br /></p><p><strong><span style=\"color:#cc0000;\">13、埃迪·埃尔文</span></strong></p><p><br /></p><p>美洲虎-考斯沃斯 R1</p><p><br /></p><p>最佳完赛名次：4</p><p><br /></p><p>最佳排位赛名次：6</p><p><br /></p><p>年终名次：13</p><p><br /></p><p>评分：7.1</p><p><br /></p><p>曾经距离世界冠军咫尺之遥的埃尔文，头顶光环由法拉利转投美洲虎，但最终证明这一选择是错误的。</p><p>赛车并非称手，但埃尔文在排位赛中成绩不错，能在上半赛季稳定进入前十。</p><p>美洲虎积分的大头来自于他在摩纳哥砍下的第四，剩余部分则是赛车得到大幅升级之后在马来西亚拿下的一个积分。</p><p><br /></p><p><strong><span style=\"color:#cc0000;\">14、米卡·萨洛</span></strong></p><p><br /></p><p>索伯-法拉利 C19</p><p><br /></p><p>最佳完赛名次：5</p><p><br /></p><p>最佳排位赛名次：9</p><p><br /></p><p>年终名次：11</p><p><br /></p><p>评分：7.0</p><p><br /></p><p>萨洛的排位赛成绩谈不上惊艳，但足够稳定，正赛里他则能抓住机会证明自己。</p><p>大部分情况下，他能够干净利落得驾驶，偶尔能够获得与索伯实力天花板的积分区末尾名次。</p><p>他的正赛表现在中小车队车手中数一数二，但是如果周六能有所作为，定能给他带来更多获得积分的机会。</p><p><br /></p><p><strong><span style=\"color:#cc0000;\">15、吉安卡洛·费斯切拉</span></strong></p><p><br /></p><p>贝纳通--Supertec B200</p><p><br /></p><p>最佳完赛名次：2</p><p><br /></p><p>最佳排位赛名次：3</p><p><br /></p><p>年终名次：6</p><p><br /></p><p>评分：6.9</p><p><br /></p><p>单从数据来看：车手积分榜第六、最初八站三登领奖台、压制队友阿莱克斯·伍尔兹，似乎表明费斯切拉这个赛季极为成功。</p><p>但事实是他经常性掉链子，尤其下半赛季和伍尔兹工作效率的天差地别，导致车队对他的能力半信半疑。</p><p>状态起伏不定，时而积极进取，时而消极应对，综合看来是很不安定的一年。</p><p><br /></p><p style=\"text-align: center;\"><img id=\"attach_53\" src=\"/cms/resources/upload/1487993950172.jpg\" alt=\"\" /><br /></p><p><strong><span style=\"color:#cc0000;\">16、约翰尼·赫伯特</span></strong></p><p><br /></p><p>美洲虎-考斯沃斯 R1</p><p><br /></p><p>最佳完赛名次：7</p><p><br /></p><p>最佳排位赛名次：8</p><p><br /></p><p>年终名次：17</p><p><br /></p><p>评分：6.9</p><p><br /></p><p>没能在最后一个赛季拿下一个积分，对赫伯特而言是个不幸的结束。更为悲催的是，他在马来西亚的告别战里，因为后悬挂断裂滑出赛道，以被迫离开赛车的形</p><p>作为了自己的谢幕。</p><p>他的节奏不慢，但是每每当他有机会在排位赛中有所表现之时都功亏一篑，最终只有两次跻身前十。和队友埃尔文相比，他缺乏榨取一辆竞争力不足的赛车的能力。或许印第安纳波利斯是他破蛋的最好机会，当时他在半湿的赛道用干胎起步，但是一切在一个进站失误迫使他更换前翼之后便化为乌有。</p><p><br /></p><p><strong><span style=\"color:#cc0000;\">17、里卡多·宗塔</span></strong></p><p><br /></p><p>英美-本田 002</p><p><br /></p><p>最佳完赛名次：6</p><p><br /></p><p>最佳排位赛名次：6</p><p><br /></p><p>年终名次：14</p><p><br /></p><p>评分：6.9</p><p><br /></p><p>作为所有车手中被队友拉开最大差距的就是宗塔了。3个积分和3次进入排位赛前10的表现着实与之能力不吻合，即使将二号车手和赛车可靠性因素计算在内，</p><p>未免有些过于寒碜。</p><p>他的水平高低有目共睹，发挥出色的时候能与队友维伦纽夫不相上下，甚至略有优势，典型的例子就是英特拉格斯和伊莫拉的排位赛。问题症结在于过多的失误</p><p>失常表现。他有足够的能力，也付出了努力，而结果却适得其反。糟糕的车队氛围，或是他挣扎表现的要因。</p><p><br /></p><p><strong><span style=\"color:#cc0000;\">18、马克·吉尼</span></strong></p><p><br /></p><p>米纳尔迪-考斯沃斯</p><p><br /></p><p>最佳完赛名次：8</p><p><br /></p><p>最佳排位赛名次：18</p><p><br /></p><p>年终名次：19</p><p><br /></p><p>评分：6.8</p><p><br /></p><p>赛季伊始，米纳尔迪在独立车队里尚有一定竞争力，而正是吉尼的出色表现映证了这点。不过随着时间推移，这辆搭载1998款引擎的“慢车”也渐渐丧失了竞逐的会。西班牙人在和队友加斯顿·马扎卡内的比拼中完胜，尽管0积分收场，但是拥有以奥地利第八为首的三次前十的战绩。驾驶一辆实力不济的吊车尾赛车，吉尼还是度过了收获不菲的一个赛季。</p><p><br /></p><p><strong><span style=\"color:#cc0000;\">19、尼克·海菲尔德</span></strong></p><p><br /></p><p>普罗斯特-标志 AP03</p><p><br /></p><p>最佳完赛名次：8</p><p><br /></p><p>最佳排位赛名次：13</p><p><br /></p><p>年终名次：20</p><p><br /></p><p>评分：6.7</p><p><br /></p><p>德国人以F3000卫冕冠军的身份进入F1，但在被普遍看好的情况下，成绩却令人大跌眼镜。说实话，在普罗斯特车队竞争力低下的前提下，他的表现倒是交代得过去。平淡如水的赛季中，他七度击败队友阿莱西，然而阿莱西在摩纳哥尽管一无所获，却用排位赛的神奇一圈和退赛之前的出色表现为自己正名。当然他全身心的投入还是给他赢得了下个赛季的索伯席位。</p><p><br /></p><p><strong><span style=\"color:#cc0000;\">20、阿莱克斯·伍尔兹</span></strong></p><p><br /></p><p>贝纳通-Supertec B200</p><p><br /></p><p>最佳完赛名次：5</p><p><br /></p><p>最佳排位赛名次：5</p><p><br /></p><p>年终名次：15</p><p><br /></p><p>评分：6.6</p><p><br /></p><p>伍尔兹的挣扎表现让他成为了2000赛季的笑柄，以至于重出江湖的车队老板弗拉维奥早早地将其排除在明年计划之外。</p><p>奥地利人的低迷实则事出有因。赛季末站他驾驶队友费斯切拉的排位赛用车，一扫之前的阴云，跻身排位赛前五。</p><p>显而易见，他被赛车拖了后腿，因而把他和费斯切拉做直接对比并不公平，只是要量化赛车差异对两位车手表现的影响也很困难。</p><p><br /></p><p style=\"text-align: center;\"><img id=\"attach_52\" src=\"/cms/resources/upload/1487993950069.jpg\" alt=\"\" /><br /></p><p><strong><span style=\"color:#cc0000;\">21、佩德罗·迪尼斯</span></strong></p><p><br /></p><p>索伯-法拉利 C19</p><p><br /></p><p>最佳完赛名次：7</p><p><br /></p><p>最佳排位赛名次：9</p><p><br /></p><p>年终名次：18</p><p><br /></p><p>评分：5.9</p><p><br /></p><p>和萨洛相比，迪尼斯的排位赛总体表现不相上下，但是到了正赛就天差地别了。</p><p>美国大奖赛是他实力的写照——排位赛第九、正赛第八。可他往往并不能维持住这一水平。</p><p>萨洛用同样的赛车争取到4个积分，迪尼斯却两手空空，显然他并没能将赛车能力发挥出来，甚至好几次在场上形同梦游。</p><p><br /></p><p><strong><span style=\"color:#cc0000;\">22、加斯顿·马扎卡内</span></strong></p><p><br /></p><p>米纳尔迪-考斯沃斯</p><p><br /></p><p>最佳完赛名次：8</p><p><br /></p><p>最佳排位赛名次：20</p><p><br /></p><p>年终名次：21</p><p><br /></p><p>评分：5.5</p><p><br /></p><p>履历单薄的阿根廷人之所以能够从F3000晋升到F1，主要靠的是米纳尔迪赞助商西班牙电信，他在赛道上的表现也真实反映了他的水平。</p><p>排位赛中，他几乎从未能取得和队友吉尼相近的成绩，不过他能够跑完仅次于两位迈凯伦车手的里程倒是颇为不易。</p><p>美国大奖赛是他本赛季为数不多的亮点，不仅在排位赛中击败吉尼，还曾在混战之中一度排到第三，和哈基宁展开了较量。通常情况下，他总在干地比赛中表现</p><p>其挣扎。</p><p><strong><span style=\"color:#cc0000;\"><br /></span></strong></p><p><strong><span style=\"color:#cc0000;\">N/A 卢西亚诺·伯尔蒂</span></strong></p><p><br /></p><p>美洲虎-考斯沃斯 R1</p><p><br /></p><p>最佳完赛名次：11（仅此一场）</p><p><br /></p><p>最佳排位赛名次：21</p><p><br /></p><p>年终名次：23</p><p><br /></p><p>评分：7.0</p><p><br /></p><p>这位美洲虎的试车手在奥地利代替腹痛的埃尔文首次亮相大奖赛赛场，后者后来被确诊为阑尾炎。</p><p>在错过周五第一次练习赛后，下午他又因为离合器问题没能充分适应，所以能在排位赛中仅落后队友赫伯特不到点六，已是相当不错。</p><p>在备用车从维修区起步后，他以落后赫伯特一分钟左右的成绩第十一个完赛。在既没有足够里程、又没有称手赛车的情况下，他的表现已经基本达到了预期。</p><p style=\"text-align: center;\"><img id=\"attach_51\" src=\"/cms/resources/upload/1487993949885.jpg\" alt=\"\" /><br /></p>','',0,'2017-02-25 11:51:14','2017-02-25 00:00:00','F1赛车世界',4,2),(9,'“香饽饽”——里卡多','里卡多|',1,0,'<p style=\"text-align: center;\"><img id=\"attach_61\" src=\"/cms/resources/upload/1487995204733.jpg\" alt=\"\" /></p><p>在现役顶尖车手中，有一个人还从来没有坐进一辆具有争冠实力的战车里大展身手过，不过他的时代，即将到来。<br /><br /><br />假使你是一个车队老板，可以任意签下一名意中的F1车手，你会选择谁？</p><p><br /></p><p>很多人首先会想到汉密尔顿，三届世界冠军，毫无疑问他现在是F1里最闪耀的明星；阿隆索也会是很多人的选择，只不过不争气的迈凯轮埋没了他的才华；维特</p><p>当然也是一个很好的选择，不过那个真正夺人眼球的名字应该是——丹尼尔·里卡多。</p><p><br /></p><p>为什么？他只拿过三次分冠，而且是维斯塔潘为红牛赢下了今年的第一场胜仗，再说了，去年他的队友科维亚特积分不也比他多么......怀疑里卡多的人们还可以列举出很多事实来。</p><p>这些都没错，不过拿里卡多和其他顶尖车手相比，你就会发现有一点：其实他从来都没有坐在一辆具有争冠实力的赛车里，这就让分冠数量的统计显得苍白无力。<br />科维亚特上赛季积分更多也只是因为在去年，一到关键时刻里卡多赛车的可靠性就掉链子。看看凹凸体育评选出的2015赛季十佳车手，你会看到在那儿里卡多是排在科维亚特前面的。</p><p><br /></p><p>至于维斯塔潘在西班牙的冠军，确实很出彩，不过也是由于车队的问题让里卡多丢掉了冠军，在摩纳哥也是。你可以看到排位赛中那让人惊叹的飞驰圈，在巨大的压力下里卡多也能充分挖掘自身和赛车的潜能，这一点他要强于年轻气盛的队友。</p><p><br /></p><p>里卡多拥有速度，这一点毋庸置疑。单圈速度长久以来一直是衡量一位F1车手能力的重要指标，让我们回到2012年巴林站，当时还效力于小红牛的里卡多在排位赛上取得了第六名的成绩，那个飞驰圈堪称2012年最棒的一圈。就单圈能力来讲，或许没人比里卡多更出色。</p><p><br /></p><p>就稳定性而言，我们可以看到2014赛季里，在和队友维特尔的竞争中他成绩优异，并能一直延续稳定的发挥。</p><p><br /></p><p>就缠斗能力而言，他“车商”很高（注：就是和球商对应的词，不是汽车制造商的意思啦）。他防守时后车很难有什么好的办法，而超车能力上他绝对可以称得上是最好的车手之一，其实称之为最好的也不为过。</p><p><br /></p><p>不过有意思的是，上个月西班牙站最后阶段，他没能超过维特尔。</p><p><br /></p><p>从他追击维特尔的过程中我们可以看出两点。首先是他的超车技巧，先是跟住维特尔，伺机而动，然后出其不意，直接插进一号弯。之前的几圈里有过一些机会，不过时机还不太成熟，他也很好地隐藏了自己的意图，接下来稳扎稳打，一剑出鞘。</p><p><br /></p><p>那次尝试并没有成功，维特尔也在无线电里抱怨他的这一举动（里卡多倒对此习以为常），不过赛后澳洲人的一席话很清楚的表明了他的超车之道。<br />“不同于99%的车手，我会去尝试做一次超越”，在接受天空体育采访时他说道，“很多人会安于现状，只是在后面跟着而不愿意尝试一下。”</p><p><br /></p><p style=\"text-align: center;\"><img id=\"attach_59\" src=\"/cms/resources/upload/1487995153999.jpg\" alt=\"\" /><br /></p><p>著名车手塞纳曾说过，“如果你不去想着缩小与前车的差距，你就不配称得上是一名赛车手。”尽管这是他在接受一次关于1990年日本站臭名昭著的蓄意撞车采访里说到的。（注：1990年日本站一号弯，塞纳和普罗斯特撞车双双退赛，前者提前加冕总冠军，这次撞车也被很多人认为塞纳对前一年日本站上撞车事故的“复仇”）<br />里卡多的超车嗅觉敏锐。他的第一次分冠，也就是2014年加拿大站上，他超过佩雷兹升至第二，随后又超过遭遇赛车故障的罗斯伯格。那年匈牙利站上，他在比赛末段成功超过汉密尔顿和阿隆索，拿下冠军。</p><p><br /></p><p>虽然有时里卡多的超车动作有些触及底线，但还是可以说：他正是F1所需要的车手。他愿意进攻，愿意为了胜利不惜一些代价，而又懂得适可而止，不会鲁莽行事以至于把别人挤出赛道。</p><p><br /></p><p>说起塞纳，关于里卡多有一个很多人都会问的问题：“他是个高冷的人吗？”不过提起里卡多，他在我们心中的形象不常常是咧着大白牙，露出爽朗的笑容吗？这点倒是和严肃的塞纳大不相同。</p><p><br /></p><p>但我们也可以看到，在西班牙站和摩纳哥站，失去了两场唾手可得的胜利后，里卡多也会有小情绪，也会不开心。爽朗的笑容下，躁动的却是一颗赛车手最真实的心。</p><p><br /></p><p>他在摩纳哥站后很清楚的表明了自己的立场，而且也感叹道留给自己的时间越来越少了。</p><p><br /></p><p>“我快27了，却还没有机会离总冠军更进一步。”里卡多告诉天空体育，一旦机遇出现，他相信自己有能力把握住。</p><p><br /></p><p>摩纳哥站上，里卡多拼尽全力，夺冠形势一片大好，结果却因车队的失误葬送了冠军，西班牙站上他也丢掉了冠军，这些都让他感觉不开心。他也说到，维特尔、汉密尔顿、阿隆索在他这个年纪都已经拿到了总冠军，但对他来说总冠军似乎还遥遥无期，这让人感到很郁闷。</p><p><br /></p><p>这真有点残酷。不过他还是很明确地表示不会责怪车队，这没有什么意义，毕竟车队并不是故意要犯下这样的错误。可如果红牛不能给他一辆争冠的赛车，他肯定会另寻别处。</p><p><br /></p><p>里卡多已经参加了94场大奖赛，既开过最差的车，开过第二快的车，介于二者之间的车也基本都开过，但从来都没有机会称霸整个赛季，你应该能理解现在他对胜利的那种极度渴望。</p><p><br /></p><p>当初夺冠给我们带来的惊艳渐渐淡去，而他对像西班牙站和摩纳哥站这样的失利一笑置之，并安慰自己来日方长的心态注定也会渐渐消失。</p><p><br /></p><p style=\"text-align: center;\"><img id=\"attach_58\" src=\"/cms/resources/upload/1487995153862.jpg\" alt=\"\" /><br /></p><p>正如里卡多摩纳哥站赛后接受采访时说的那样，浪费这样一个千载难逢的夺冠机会让他感到“马齿徒增”。（注：马齿徒增，比喻自己年岁增加了，学业或事业却没有什么成就。）</p><p><br /></p><p>问题的关键在于，现在有很多出色的车手，他们完全有能力赢得比赛。但驾驶，意志，果敢，这些才是任何一个真正的世界冠军都应具有的品质。</p><p><br /></p><p>如果让里卡多坐进一辆有争冠实力的赛车里，你不会打赌说有谁一定会打败他。毕竟，从他目前为止的职业生涯看，他已经证明了自己完全有能力在重压之下依可以交出一份令人满意的答卷。<br /><br /></p><p>让我们把思绪拨回到2013年，那时维尼正为下赛季红牛的车手席位而努力。当时红牛领队霍纳也公开表示，在里卡多和维尼之间，他们更倾向于选择维尼，毕竟他表现更出色，在摩纳哥和加拿大站上分别拿到第八和第六，而对于里卡多，霍纳则承认已经不大可能了。</p><p><br /></p><p>不过很快，在进行了认真的自我反省以及同车队一起成功完成了一些高强度的工作后，形势对里卡多渐渐有利，而维尼则显得有些力不从心。二人都很快，但里卡多证明了在压力下自己依旧能发挥出色。</p><p><br /></p><p>因此里卡多具备了所有这些品质——速度，正赛能力，果敢，意志，以及发现并解决问题的能力。</p><p><br /></p><p>现在只有一个问题需要里卡多向我们回答了，也正是很多人都会问到的问题——他在争夺总冠军时依旧能表现得这么好吗？</p><p><br /></p><p>你永远不会知道某个人到了一个新的情景下会有什么样的表现，但就现在我们从他身上看到的来说，他具有那些必备的素质。</p><p><br /></p><p>现在就是等待机遇的到来了，或是红牛复兴，或是雷诺雄起，或者在另一支车队完成总冠军大业。</p><p><br /></p><p>总之，想要成为世界冠军，有一点就是你得确保自己在合适的时间呆在合适的地方，而这正是里卡多的需要迈出的下一步。</p>','',0,'2017-02-25 12:02:25','2017-02-25 00:00:00','F1赛车世界',4,2),(10,'沃尔夫：对博塔斯和汉密尔顿的关系非常放心',NULL,1,0,'<p><img id=\"attach_62\" src=\"/cms/resources/upload/1487999027121.jpg\" alt=\"\" /></p><p>梅赛德斯领队沃尔夫认为，车队新签下的博塔斯和汉密尔顿是2017赛季迈向成功的组成。<br /><br /><br />在梅赛德斯车队官网放出的视频采访中，沃尔夫表示，“我认为瓦尔特利和刘易斯之间的平衡很有效。他们两的性格非常不同。对我们来说，填补尼克的空缺非常重要。尼克在队内有着非常明确的角色，瓦尔特利相当适合。”<br /><br /><br />“我们相信他们之间的互动和交流将会工作的很好。他们对对方抱有尊重。到目前为止我所看到的，瓦尔特利融入的很好，”沃尔夫透露。<br /><br /><br />在这个不平静的冬歇期，罗斯讴歌突然宣布退役，威廉姆斯释放了博塔斯让芬兰人可以加盟梅赛德斯。<br /><br /><br />沃尔夫回忆说，“那真的没什么时间休息和充电！手机是一个事情，但有太多需要决定的事情了，还有太多的评估要做。帕迪的离开又是一件事。”<br /><br /><br />“确保团队更加强大，你需要非常小心的评估每一步。这是为什么每一天都很重要的原因，”沃尔夫说。<br /></p><p><br /></p>','车队',0,'2017-02-25 13:04:23','2017-02-08 00:00:00','F1赛车世界',5,2),(11,'前迈凯伦经理大卫-雷丁加盟威廉姆斯',NULL,1,0,'<p><img id=\"attach_66\" src=\"/cms/resources/upload/1488000904654.jpg\" alt=\"\" /></p><p>威廉姆斯已经宣布，前迈凯伦经理大卫雷丁将与本赛季晚些时候加入车队，同样任职经理。<br />&nbsp;<br />威廉姆斯的声明宣布，“我们可以确定大卫-雷丁将以车队经理身份在本赛季晚些时候加入车队，与史蒂夫一起工作，确保2018年完全接管该职位的无缝交接。”<br />&nbsp;<br />根据车队副领队克莱尔-威廉姆斯，此举时因为史蒂夫-尼尔森要求放弃职位，“从一开始，我们的运动经理，史蒂夫-尼尔森始终明确希望在2017赛季结束后能够尽量减少出差。”<br />&nbsp;<br />“我们充分理解并尊重他的要求，鉴于他已经在随队职位工作超过30年。史蒂夫从2014年加入车队后一直工作的非常出色，从重组比赛团队到促成车队进站表现发生了翻转性的变化，”威廉姆斯补充说。<br />&nbsp;<br />雷丁从2009年开始担任迈凯伦车队经理，在位斯图尔特大奖赛车队和贝纳通工作后，于2000年第二次加入车队</p>','车队',0,'2017-02-25 13:35:58','2017-02-11 00:00:00','F1赛车世界',5,2),(12,'索伯将于2月20号在社交媒体发布新车照片',NULL,1,0,'<p><img id=\"attach_67\" src=\"/cms/resources/upload/1488001026375.jpg\" alt=\"\" /></p><p>索伯将会在本月晚些时候在拍摄日两天前发布新车照片。</p><p>瑞士车队将在2月22号在巴塞罗那完成拍摄日，那将会是C36第一次出现在大众面前。</p><p>然而，他们将会提前两天，2月20号，在社交媒体上发布新车，也是当前最早发布2017赛车的车队。</p><p>索伯选择使用法拉利2016款的引擎，这是为了避免像去年一样，在第一次季前测试中被迫使用旧款赛车。</p><p>维尔莱茵将加盟车队搭档埃里克森，但他第一次季前测试并没完全得到保障，鉴于他上个月在ROC比赛中伤到了脖子。</p><p>&nbsp;</p>','车队',0,'2017-02-25 13:37:35','2017-02-11 00:00:00','F1赛车世界',5,2),(13,'红牛将于首测前夜发布新车：2月26号',NULL,1,0,'<p><img id=\"attach_68\" src=\"/cms/resources/upload/1488001135575.jpg\" alt=\"\" /></p><p>&nbsp;</p><p>红牛将在巴塞罗那季前测试的前一晚发布他们的2017新战车——代号RB13。</p><p>四届世界冠军团队将会与小红牛在同一天发布新车，周日2月26号。</p><p>红牛的发布将会结束繁忙的新车发布周。</p><p>雷诺，印度力量，梅赛德斯，迈凯伦和法拉利都将在测试前举行发布会。</p><p>索伯选择在2月20号在网上发布。</p><p>哈斯预计将在季前测试前一周的周末在拍摄日发布新车，威廉姆斯是当前唯一没有宣布的车队。</p><p>&nbsp;</p>','车队',0,'2017-02-25 13:39:17','2017-02-25 00:00:00','F1赛车世界',5,2),(14,'阿隆索：从来没有想去梅赛德斯，80岁还会开卡丁',NULL,1,0,'<p><img id=\"attach_69\" src=\"/cms/resources/upload/1488001317703.jpg\" alt=\"\" /></p><p><br /></p><p>费尔南多-阿隆索承认他在罗斯伯格退役后和梅赛德斯谈过，但并非正式谈话。<br /><br /><br />“直到八月/九月讨论什么都是没有意义的，我将会完全专注于今年的大奖赛，看看哪个车队和赛车将会在新规下非常有竞争力，”阿隆索说。<br /><br /><br />“看到这些新赛车，我们可能会发现有一支新车队统治F1。”<br /><br /><br />“当罗斯伯格退役，有几天我曾有一些交流、接到一些电话，但一切都没有谈论的必要，因为我很高兴待在迈凯伦。”<br /><br /><br />“可以说，在罗斯博格带来的惊讶后，梅赛德斯不得不对所有人做一点调查——这是可以理解的。”<br /><br /><br />“没有什么奇怪的，或是很深入的谈话或者可能，他们只是和所有人确认一下。”<br /><br /><br />“对我，他们想要听听我的情况。”<br /><br /><br />“我的情况很清楚：今年我和迈凯伦有合同，我在这里很高兴，没有任何理由讨论今年的可能性。”<br /><br /><br />阿隆索补充说，他尊重罗斯伯格退役的决定，但他觉得自己会很难离开竞赛。<br /><br /><br />“所有人都有他自己的人生动力，人生目标，他奋斗了这么久来获得世界冠军，”阿隆索说。<br /><br /><br />“他尝试了很多年，在2015年他很接近，2016年，他找到了可能。”<br /><br /><br />“当他发觉自己处在那个位置，他认为（退役）是最好的解决方案。”<br /><br /><br />“至于我我不能停下，就像药物一样。”<br /><br /><br />“他的离开非常勇敢，现在享受着不同的生活。”<br /><br /><br />“我祝福他，我的性格与他不同——我是一个赛车手，在我80岁的时候，我会开着卡丁、参加比赛，追赶者前面的小朋友。”<br /></p>','车手',0,'2017-02-25 13:42:21','2017-02-23 00:00:00','F1赛车世界',5,2),(15,'纳斯卡收紧受损赛车重返比赛规则',NULL,1,0,'<p><img id=\"attach_70\" src=\"/cms/resources/upload/1488001445399.jpg\" alt=\"\" /></p><p><br /></p><p>2017赛季即将开始，纳斯卡赛会准备收紧对比赛中受损车辆重回比赛的规则的。<br /><br /><br />有消息透露在比赛中由于事故需要返回车房进行大修的赛车将无法像过去那样重新回到比赛中。车队只能在维修区对赛车进行维修，如果维修时间超过5分钟，那么这台赛车便不能再在当场比赛中重回赛场<br />比赛。此举被认为将极大减小大事故后的场上赛车数量。<br /><br /><br />新规则下，受损的赛车只能移除车身组件，或者把受损的车身组件通过胶带或者杆件固定。赛车不得更换车身组件。<br /><br /><br />纳斯卡赛会会列出一份详细的单据指明重返赛场的受损赛车应该具备哪些部件。<br /><br /><br />此外如果赛车由于机械故障导致不得不进车房进行维修的则可以重返比赛。而在维修区中超速或者进维修区压线等行为则会受到15秒的处罚。<br /></p>','纳斯卡',0,'2017-02-25 13:44:36','2017-02-03 00:00:00','F1赛车世界',6,2),(16,'纳斯卡公布戴通纳周末比赛形式',NULL,1,0,'<p><img id=\"attach_71\" src=\"/cms/resources/upload/1488001525497.jpg\" alt=\"\" /></p><p><br /></p><p>纳斯卡公布了三大系列赛揭幕战戴通纳周末的比赛形式。<br /><br /><br />今年的戴通纳500是鬼爪能量饮纳斯卡杯系列赛(Monster Energy NASCAR Cup Series)首次使用分节规则进行比赛，第一节和第二节的比赛长度都是60圈，第三节比赛则是从121圈到比赛结束。当前设置的<br />总圈数是200圈。如果出现加时赛的话，最后一节比赛也会被延长。<br /><br /><br />以往纳斯卡的比赛中，如果由于天气原因导致比赛被迫终止时，只要比赛完成了50%以上就视作比赛完成。今年的新规则实施后，比赛必须进行完第二节才会视作比赛完成。换言之就是今年的比赛必须在完<br />成了60%以上才会被视作比赛完成。<br /><br /><br />除顶级的鬼爪能量饮纳斯卡杯系列赛外，纳斯卡还公布了无限通系列赛(Xfinity Series)和露营世界卡车系列赛(Camping World Truck Series)两个次级系列赛在戴通纳周末的比赛形式。其中无限通的<br />Powershares QQQ 300前两节为30圈，第三节为61圈到120圈。卡车赛的Nextera Energy Resources 250前两节为20圈，第三节从41圈到100圈。<br /></p>','纳斯卡',0,'2017-02-25 13:45:48','2017-02-08 00:00:00','F1赛车世界',6,2),(17,'拉特瓦拉为丰田斩获赛季首胜',NULL,1,0,'<p><img id=\"attach_72\" src=\"/cms/resources/upload/1488001583988.jpg\" alt=\"\" /></p><p><br /></p><p>亚里·马蒂·拉特瓦拉(Jari-Matti Latvala)为丰田拿到2017赛季首胜，这也是日本制造商自1999年以来在WRC世界汽车拉力锦标赛的首场胜利。<br />随着蒂埃里·诺伊维尔(Thierry Neuville)在周六晚上的短道拉力赛上的退赛，拉特瓦拉接过领先并一直保持到周日比赛结束。<br /><br /><br />现代车手诺伊维尔遭遇了和蒙特卡洛拉力赛相同的尴尬处境。WRC开赛两站蒙特卡罗拉力赛和瑞典拉力赛，比利时人都是在握有极大领先优势的情况在周六的赛段中撞车导致悬挂受损被迫退赛。诺伊维尔退赛后，比赛就成了丰田的拉特瓦拉和M-Sport的欧特·塔纳克(Ott Tänak)和塞巴斯蒂安·奥吉尔(Sébastien Ogier)之间的争夺。<br /><br /><br />周六的赛段中，塔纳克驾驶福特嘉年华WRC赛车在早晨的三个赛段刷出最快一度把和拉特瓦拉之间的差距缩小到3.8秒。而经历了周五开路的奥吉尔终于在周六恢复竞争力，周六比赛结束后，他和拉特瓦拉之间的差距也仅有16.6秒。<br /><br /><br /><br /><br />拉特瓦拉在周日的比赛中发力，凭借前两个赛段的强势发挥一举把差距拉大到20多秒。相反塔纳克在周日遭遇赛车尾部转向过度，奥吉尔在周日的第一个赛段的第一个弯角就发生打滑。<br /><br /><br />最终拉特瓦拉在赢下加分赛段后成功地以29.2秒的优势为丰田拿到赛季首胜。丰田上一次在WRC的获胜还要追溯到1999年的中国拉力赛，当时获胜的车手是迪迪埃·奥里奥尔(Didier Auriol)。<br /><br /><br />塔纳克获得第二，本赛季连续第二个领奖台。蒙特卡洛拉力赛的冠军奥吉尔带回第三。总积分榜上，拉特瓦拉领先奥吉尔4分高居榜首。<br /><br /><br />同样连续两站遭遇不幸的车手还有克里斯·米克(Kris Meeke)，雪铁龙车手一度处于第四，不过周六下午赛段中的撞车葬送了他的瑞典拉力赛最终只获得第12位，不过他在加分赛段中获得第四算是挽回了一些损失。<br /><br /><br />丹尼·索尔多(Dani Sordo)本站比赛发挥稳定获得第四。首次驾驶2017款雪铁龙C3 WRC赛车的克雷格·布林(Craig Breen)本站比赛信心不足，连续第二站获得第五。倒是埃尔芬·埃文斯(Elfyn Evans)先是在周五遭遇爆胎，周日引擎又出问题的情况下仍然领先现代的海登·帕顿(Hayden Paddon)拿下第六。帕顿在周五遭遇转向助力问题，问题解决后他的速度开始提升最终获得第七，并且在加分赛段中位列第五。排在第八位的是使用2016款赛车的雪铁龙车手史蒂芬·列斐伏尔(Stephane Lefebvre)，这仅是他的第二次瑞典拉力赛。<br /><br /><br />使用2017款福特嘉年华WRC赛车私人参赛的马兹·奥斯博格(Mads Ostberg)在周五的赛段中尾翼不翼而飞，挪威人被迫在赛车没有后部下压力的情况下艰难地坚持了两个赛段最终第15位完赛。<br /><br /><br />拉特瓦拉的队友朱霍·汉尼宁(Juho Hänninen)在周五的赛段中撞树，在周日的赛段中撞桥和队友的胜利形成鲜明反差。<br /><br /><br />WRC2组中，斯柯达车手蓬托斯·提德曼(Pontus Tidemand)主场获胜。<br /></p>','WRC',0,'2017-02-25 13:47:09','2017-02-14 00:00:00','F1赛车世界',6,2),(18,'2018/19赛季概念车公布',NULL,1,0,'<p><img id=\"attach_73\" src=\"/cms/resources/upload/1488001660353.jpg\" alt=\"\" /></p><p><br /></p><p>Spark Racing Technologies公司对外公布了首批下一代Formula E电动方程式赛车的概念图，该款车型会在2018/19赛季开始使用。<br /><br /><br />由前雷诺F1车队领队弗雷德里克·瓦索(Frederic Vasseur)拥有的Spark公司将为FIA FE电动方程式锦标赛提供底盘。<br /><br /><br />据悉FIA国际汽联会直接参与新车的创造和研发工作。Spark会和技术伙伴达拉拉(Dallara)就名为SRT-05的项目继续合作，当前已经开始聚焦车辆交换实验。新车会和当前的非常不同，尤其是在外观上会更加激进。<br /><br /><br />延伸的挡风玻璃和红牛F1车队去年测试的类似是最新引入的几项安全设备之一。新底盘会搭配更激进，更高效的空力套件。采用新材料后车重也会减轻40公斤。<br /><br /><br />由迈凯伦提供的电池动力更强劲，但是重量也比当前的单元更重，因此赛车的减重更为重要。电池容量会从当前的28kWh提升至54kWh，空力套件效率的提升也会进一步消除当前比赛中所有的强制进站换车。新车可以连续比赛45分钟。<br /><br /><br />下周在布宜诺斯艾利斯的比赛中，车队会就设计方面探讨更多的细节。<br /></p>','FE',0,'2017-02-25 13:48:10','2017-02-18 00:00:00','F1赛车世界',6,2),(19,'标致以厂队身份回归',NULL,1,0,'<p><img id=\"attach_74\" src=\"/cms/resources/upload/1488001734934.jpg\" alt=\"\" /></p><p><br /></p><p>标致今年用两台208 T16以厂队身份重回ERC欧洲汽车拉力锦标赛。法国品牌去年为了支持WRC世界汽车拉力锦标赛WRC2组而放弃了ERC招来批评。<br /><br /><br />不过标致今年会启用佩佩·洛佩兹(Pepe Lopez)和何塞·苏雷亚斯(Jose Suarez)两位法国208拉力杯的冠军参加2017赛季ERC。<br /><br /><br />两位车手都拥有获得WRC奖励驾驶的资格。标致运动部主观布鲁诺·法明(Bruno Famin)认为洛佩兹和苏雷亚斯能够在没有压力的ERC中收获经验并提升水平。<br /><br /><br />此前代表标致厂队参加ERC以及前身IRC洲际汽车拉力挑战赛的车手包括克里斯·米克(Kris Meeke)，蒂埃里·诺伊维尔(Thierry Neuville)，盖·威尔克斯(Guy Wilks)，克雷格·布林(Craig Breen)和凯文·阿布凌(Kevin Abbring)。<br /></p>','ERC',0,'2017-02-25 13:49:18','2017-02-23 00:00:00','F1赛车世界',6,2),(20,'法拉利在菲奥拉诺发布2017新赛车',NULL,1,0,'<p><img id=\"attach_75\" src=\"/cms/resources/upload/1488002284226.jpg\" alt=\"\" /></p><p><br /></p><p>法拉利成为了第六个发布2017赛季新赛车的车队，新车被命名为SF70H。<br /><br /><br />意大利车选择了在线发布，从菲奥拉诺进行了直播，而今天，这辆赛车也第一次驶上赛道。<br />&nbsp;<br />车队领队阿里瓦贝内，技术总监比诺托和车手维特尔、莱科宁都上台发言。<br />&nbsp;<br />周五早上的赛道拍摄显示，他们和新的梅赛德斯赛车一样使用了T-wing的尾部设计理念。<br /></p>','',0,'2017-02-25 13:58:23','2017-02-25 00:00:00','F1赛车世界',11,2),(21,'小红牛新赛车首航遇雷诺引擎故障',NULL,1,0,'<p><img id=\"attach_76\" src=\"/cms/resources/upload/1488002331658.jpg\" alt=\"\" /></p><p><br /></p><p>小红牛拍摄日，雷诺引擎遇到了故障......<br /><br /><br />小红牛在周三进行了新车STR12的拍摄日，但被迫暂停，因为雷诺引擎遇到了问题。<br /><br /><br />车队在意大利米萨诺进行首航，但并没能完成FIA允许的100千米测试。<br /><br /><br />他们依旧集合了足够多的录像片段来完成最初的广告宣传计划。<br /><br /><br />凹凸了解到引擎的问题是在于雷诺的能量回收系统故障。<br /><br /><br />小红牛自今年起重新使用雷诺引擎，去年的法拉来旧版引擎的不足在下半赛季尤其明显。<br /><br /><br />雷诺现在正在分析问题，尝试在第一次测试中避免此问题再次出现。<br /><br /><br />小红牛将在冬测前一天下午，在巴塞罗那赛道发布新车。<br /></p>','',0,'2017-02-25 13:59:09','2017-02-25 00:00:00','F1赛车世界',11,2),(22,'扎克-布朗：迈凯伦新赛车是一件漂亮的艺术品',NULL,1,0,'<img id=\"attach_77\" src=\"/cms/resources/upload/1488002379446.jpg\" alt=\"\" />迈凯伦发布了使用本田动力的MCL32赛车，征战2017赛季。<br />&nbsp;<br />赛车是全新的黑、橙和白色组成的涂装，在迈凯伦技术中心揭幕。<br />&nbsp;<br />随着罗恩丹尼斯的离任，涂装发生了改变。<br />&nbsp;<br />“我认为这是一件漂亮的艺术品，”布朗说。“我们查看了很多设计，最终这是对车迷的回应——车迷们说‘我们想要一些橙色’我们延伸了这一建议。”<br />&nbsp;<br />在本田回归的第一年排名第九结束2015赛季后，去年迈凯伦升至第六位。<br />&nbsp;<br />本田在同时提升稳定性和表现，配合迈凯伦底盘，车队声称是赛道上最好的底盘之一，两位联手让车队重新回到中游。<br />&nbsp;<br />双方都倾向于在2017赛季更进一步，范多恩也代替巴顿搭档阿隆索驾驶MCL32。<br />&nbsp;<br />“车队因为没有能获得比赛胜利而极度焦虑，”布朗补充说。<br />&nbsp;<br />“我们有新的套件和这些事情需要时间。”<br />&nbsp;<br />“2016年以迈凯伦的标准来说并不是出色的一年，但是有了进步，那是我们想要在2017年看到的。”<br />&nbsp;<br />“一旦我们到达那里，我们将会很难被击倒。”<br />&nbsp;<br />领队布利尔将赛车形容为“优雅的”还带着“一些聪明的解决方案”。<br />&nbsp;<br />本田F1主管Hasegawa表示随着token系统被移除，这让日本公司在冬季激进地工作。<br />&nbsp;<br />“我们提升了引擎的每一个（之前）被限制的部位，”他说。<br />&nbsp;<br />“有些地方我们想要修改原引擎来找到更多动力，赛车改变也非常大，所以我们想要重新设计引擎。”<br />&nbsp;<br />“我们修改了引擎，更低的重心，重量更轻。”','',0,'2017-02-25 14:00:10','2017-02-25 00:00:00','F1赛车世界',11,2),(23,'阿隆索：今年我们要赢得对手的尊敬',NULL,1,0,'<p><img id=\"attach_78\" src=\"/cms/resources/upload/1488002452074.jpg\" alt=\"\" /></p><p><br /></p><p>费尔南多-阿隆索并没有隐瞒他的未来取决于迈凯伦新赛车表现，西班牙人承认需要攻克很多挑战。<br /><br /><br />阿隆索在车队媒体采访中说，“我想我们过去12个月所取得的成绩是值得尊敬的。当然，最终成绩并没有展现出真正的成绩，但我们确实有了进步，我想整个车队都集合在一起度过这个艰难时光。”<br /><br /><br />“现在，在当前规则变革的时候，我们需要最大化这一段的不确定来努力向前——我相信我们有专家来解决它。”<br /><br /><br />“我认为MCL32非常靠谱——新规则看上去得到了很好的诠释，赛车看起来又快又激进。赛车的样子让我想立刻跳进座舱——我没有失去每一个F1车手必须的全部渴望。”<br /><br /><br />“冬季的测试很顺利——我训练地非常努力——就像我说地，我等不及坐进赛车了。我们依旧认为赛季刚开始会是个挑战——我们不能否认依旧距离领跑者很远的事实——但我想要期望能在下半赛季定下目标，到那时，我们将会真正开始带来有用的表现进步。”<br /><br /><br />“今年的目标是令对手尊敬——我希望我们能实现它，”阿隆索补充说。<br /></p>','',0,'2017-02-25 14:01:11','2017-02-25 00:00:00','F1赛车世界',11,2),(24,'福特三台车出战赛百灵12小时',NULL,1,0,'<p></p><p><img id=\"attach_170\" src=\"/cms/resources/upload/1488011073901.jpg\" alt=\"\" /><br /></p><p>四车挑战戴通纳24小时成功后，福特准备使用三台福特GT赛车挑战下个月的IWSC卫士泰克跑车锦标赛第二站赛百灵12小时。<br /><br /><br />除了IWSC的四位全勤车手外，第三台参加赛百灵12小时的车手阵容还未公布。车队经历迈克·奥伽拉(Mike O’Gara)表示车队赛百灵12小时的计划会在下周公布。<br /><br /><br />运营福特GT赛车的CGR英国分部当前正在积极备战新赛季WEC世界汽车耐力锦标赛。因此第三台车很有可能继续有CGR的美国分部运营。不过两台来自WEC参加戴通纳24小时的福特GT只有一台运回了英国的基地。<br /></p>','IWSC',0,'2017-02-25 14:02:20','2017-02-25 00:00:00','F1赛车世界',6,2),(25,'TCR在意大利阿德里亚进行性能平衡测试',NULL,1,0,'<p><img id=\"attach_80\" src=\"/cms/resources/upload/1488002574158.jpg\" alt=\"\" /></p><p>TCR组织方准备下周在意大利的阿德里亚进行每年一度的性能平衡测试。<br /><br /><br />参与测试的车辆包括阿尔法·罗密欧Giulietta，奥迪RS3 LMS，福特福克斯，本田思域，起亚Cee’d，欧宝雅特，标致308，西亚特León，斯巴鲁WRX STi和大众高尔夫GTI。<br /><br /><br />其中大众，奥迪和西亚特都用两台赛车进行测试。所有赛车均使用DSG双离合序列式变速箱。测试车手是经验丰富的尼古拉·拉里尼(Nicola Larini)和安德里亚·贝里奇(Andrea Belicchi)。<br /><br /><br />10台参与测试的车型会先在赛道进行测试，随后再去宾尼法利纳的风洞测试阻力系数和升力系数。<br /><br /><br />赛会会综合赛道测试和风洞测试的结果来制定今年的性能平衡规则。<br /></p>','',0,'2017-02-25 14:03:27','2017-02-25 00:00:00','F1赛车世界',11,2),(26,'罗斯伯格出任梅赛德斯车队形象大使',NULL,1,0,'<p><img id=\"attach_81\" src=\"/cms/resources/upload/1488002744111.jpg\" alt=\"\" /></p><p><br /></p><p>2016年F1世界冠军尼科•罗斯伯格虽然已经决定退役，但是他将继续担任梅赛德斯车队的形象大使。<br /><br /><br />上赛季，罗斯伯格在阿布扎比获得第二名后，最终以五分的优势，力压刘易斯•汉密尔顿夺得车手年度冠军。但是，他“闪电”决定告别F1赛场。<br /><br /><br />梅赛德斯在本周一（1月16日）宣布瓦尔特利•博塔斯将成为汉密尔顿的新队友。与此同时，罗斯伯格虽然没有公布是否决定参加其他赛事，但是他已经接受梅赛德斯提供的新角色，出任这支他效力了七年的车队的大使。<br /><br /><br />本周二，他就将承接自己的第一个任务，与汉密尔顿一起前往瑞士日内瓦，参加车队赞助商IWC的活动。<br /><br /><br />值得一提的是2009年世界冠军简森•巴顿决定在今年“休息”，但是也将以迈凯伦车队大使身份有选择性地出席个别大奖赛。<br /></p>','',0,'2017-02-25 14:06:01','2017-02-25 00:00:00','F1赛车世界',12,2),(27,'马尔科：梅赛德斯选威尔雷恩才有乐趣',NULL,1,0,'<p><img id=\"attach_82\" src=\"/cms/resources/upload/1488002832518.jpg\" alt=\"\" /></p><p><br /></p><p>2016年世界冠军罗斯伯格宣布退役决定之后，梅赛德斯立即着手物色合适的车手来与刘易斯•汉密尔顿搭档出战2017赛季。<br /><br /><br />当时，梅赛德斯运动主管托托•沃尔夫声称除了基米•莱科宁和丹尼尔•科维亚特，其他车手都与他进行了联系。尽管如此，奥地利人排除了费尔南多•阿隆索、塞巴斯蒂安•维特尔、丹尼尔•里卡多和马克斯•维斯塔潘四位一线车手，而事实上只有博塔斯和梅赛德斯自己的年轻车手威尔雷恩是主要考虑的对象。<br /><br /><br />三届世界冠军、梅赛德斯非执行主席尼基•劳达直言威尔雷恩经验尚浅，尽管去年身为新秀的他表现不俗，替马诺拿到了整个赛季唯一一个积分，而且多次测试过梅赛德斯现役赛车。<br /><br /><br />最终，梅赛德斯在上周公布了并不让人意外的决定，博塔斯会在新赛季接替罗斯伯格，但沃尔夫暗示车队在2018年有更多的选择余地。<br /><br /><br />无论如何，在印度力量选择了另一名“银箭”旗下的年轻车手埃斯特班•奥康后，威尔雷恩错过了在今年加入顶级车队的机会，而只能加入索伯。<br /><br /><br />对于梅赛德斯的选择，马尔科表示如果换成红牛，一定会选择威尔雷恩。他对德国媒体Motorsport-Magazin.com说，“要是我们的话，我们会不一样。我们会培养年轻车手。没有冒险，就没有乐趣。”<br /><br /><br />考虑到博塔斯征战F1四年来的成绩与汉密尔顿差距悬殊，以及必定经历的磨合期，业内一致认为梅赛德斯对他的定位更多是“二号车手”。<br /><br /><br />2017赛季掀起技术规则改革，梅赛德斯仍被视为夺冠热门，而红牛也被看好有能力进一步赶上卫冕冠军。然而，这或许会让里卡多和维斯塔潘在有望挑战汉密尔顿的同时，也因为互相抢分而蒙受损失，最后让汉密尔顿渔翁得利。<br /><br /><br />“这种风险是真实存在的，”马尔科承认红牛面临“内战”的危险，“但是这不会改变我们的赛车哲学和热情。我们不会使用车队指令，我们更热爱竞争。”<br /><br /><br />值得一提的是梅赛德斯宣布签下了又一名年轻的后起之秀——乔治•拉塞尔（George Russell）。下个月将满19岁的英国人在2016年获得F3欧洲锦标赛年度第三，今年将加盟ART参加GP3。<br /></p>','',0,'2017-02-25 14:07:35','2017-02-25 00:00:00','F1赛车世界',12,2),(28,'莫斯利：超级碗娱乐模式未必适合F1',NULL,1,0,'<p><img id=\"attach_83\" src=\"/cms/resources/upload/1488002973802.jpg\" alt=\"\" /></p><p><br /></p><p>前FIA主席马克斯•莫斯利警告说向超级碗风格发展未必是F1的出路，同时2017年F1技术规则改革的方向可能并不正确。<br /><br /><br />上周日，第51届NFL超级碗再次成为一场全球关注的体育赛事，而新F1掌门人切斯•凯利明确表示要把F1大奖赛塑造成超级碗风格的体育娱乐盛会。<br /><br /><br />Liberty Media在收购F1时，把规划展示给了让•托德担任主席的FIA，并且如愿得到批准。然而，身为前FIA主席的莫斯利不认同F1应该被改造成超级碗的娱乐模式。<br /><br /><br />“我认为嘴上说说很容易，但在我看来，那到底意味着什么并不明确，”他对路透社说，“但是超级碗……真的那么神奇吗？我不想扮高冷，美国人总是认为他们可以把一切做得比任何人都好。然而很多历史说明了他们不总是对的。”<br /><br /><br />“从局外看总是很容易。这就像如果我认为我可以去改善赛马。但是当你真的参与进去、着手工作时，你会发现有一大堆你不曾了解的*河蟹*烦。但是可能他们会非常成功，完成他们的目标。”<br /><br /><br />赛车提速违背安全宗旨<br /><br /><br />莫斯利在上世纪七十年代作为March车队的创始人之一走入F1，亲历了多次技术规则改革，包括1993年他当选FIA主席后亲自发起的规则修改。<br /><br /><br />根据2017年的新一轮技术规则调整，赛车将拥有更宽的前后定风翼、更大的扩散器和更宽的轮胎，目的是让赛车每圈的速度比2015年快5秒，同时增加操控的难度，来考验车手的驾驶技术，力求让比赛更具观赏性。<br /><br /><br />然而，对于这次改革的负面影响，也不断被提及。有车手提醒说，赛车速度变快不意味着比赛中的超车场面会更频繁地上演。<br /><br /><br />事实上，这是1966年引擎容积从1.5升改为3.0升之后，F1第一次为了让赛车速度更快而修改规则。对此，上一任FIA主席莫斯利并不感到信服。<br /><br /><br />1994年阿亚顿•塞纳殒命伊莫拉后，莫斯利认为赛车的速度需要减慢，而减少抓地力可以让赛车变得更安全，并不是加宽轮胎（虽然宽轮胎意味着抓地力更多，制动效果更佳，但如果赛车停下前撞上障碍物，冲击力会更大）。于是，1998年F1启用了坑纹轮胎，不过之后几年设计师们通过激进的空气动力学套件设计，找回了所有损失的抓地力。<br /><br /><br />“我个人认为这可能向错误的方向发展，”莫斯利对ITV说，“我会选择少一点空气动力学，可能多一些机械抓地力。”<br /><br /><br />“特意让赛车提速的做法是有问题的，因为过去40或50年里FIA制定的规则都是为了让赛车速度慢下来——更慢或更安全，因为速度显然与危险是划等号的。”<br /><br /><br />伯尼应该留任<br /><br /><br />2017赛季也是F1所属权变更后——而且是告别伯尼•埃克莱斯顿不再担任掌门人后——第一个赛季。新主人Liberty Media任命原梅赛德斯领队罗斯•布朗担任竞赛主管，由他引领竞赛方面的改革，包括技术规则。布朗透露他已经有了一系列自己的设想。<br /><br /><br />莫斯利相信布朗是合适的人选，而且他建议Liberty Media不要干预后者的工作，但他同时觉得免去埃克莱斯顿的决定并不明智。<br /><br /><br />“罗斯完全理解这项运动，他知道需要怎么做，他绝对拥有一颗最聪明的分析型大脑。他会成为他们的葵宝，而且竞赛方面不是Liberty应该插手的事情。罗斯已经非常杰出，所以他们做了一个很好的选择。”<br /><br /><br />莫斯利在2009年卸任FIA主席，在埃克莱斯顿逐步获得对F1商业的控制权并最终掌管生意的四十年里，俩人建立了长期的盟友关系。<br /><br /><br />“如果我处在Liberty的位置，我会留下伯尼，让他继续发挥他非常擅长的工作，例如：与赛事推广方和主办方那一面的人打交道。但是当然他们买下了F1，想完全参与进来，而且他们认为自己可以把整个生意做得更好，那我们就等着看以后会发生什么。”<br /></p>','',0,'2017-02-25 14:09:54','2017-02-25 00:00:00','F1赛车世界',12,2),(29,'维特尔：挑战越多，乐趣越多',NULL,1,0,'<p><img id=\"attach_84\" src=\"/cms/resources/upload/1488003082918.jpg\" alt=\"\" /></p><p><br /></p><p>随着“显著变快”的赛车即将登场，塞巴斯蒂安.维特尔相信今年F1比赛对于车手而言会“更有乐趣”。<br /><br /><br />2017赛季伊始F1正处于一场巨大的技术规则革新中，包括更宽的轮胎和定风翼来提升下压力。<br /><br /><br />其目标在于将单圈用时缩短5秒。<br /><br /><br />随着更快的赛车到来，维特尔认为驾驶赛车对于车手们来说不仅仅是个挑战。<br /><br /><br />“赛车将会显著变快，”他对第四频道说到。“直道上还不明显，我认为直道上的极速会有所下降。”<br /><br /><br />“由于下压力更大，弯中速度会显著提升，这同时也更加物理化一些。”<br /><br /><br />“看看轮胎的表现会很有趣，赛车相比我们去年测试时会有显著的下压力提升。”<br /><br /><br />“总的来说这是巨大的变革，我认为这不仅仅是种挑战。”<br /><br /><br />“总体来看，我认为我们最终可以在比赛中推进得更猛更持久，因此我们应该不会被轮胎限制住。”<br /><br /><br />然而，和很多人看法一样，法拉利车手觉得新规则可能会对超车产生微小甚至毫无影响。<br /><br /><br />尽管这并不意味着比赛乐趣不会增加。<br /><br /><br />“我们能否看到更多超车？我不确定。我不认为我们能，”他继续道。<br /><br /><br />“希望比赛能够更好看更有乐趣，通常当你跑的更快那就更有乐趣。”<br /></p>','',0,'2017-02-25 14:11:43','2017-02-25 00:00:00','F1赛车世界',12,2),(30,'马尔乔内：今年我不再相信任何测试数据',NULL,1,0,'<p><img id=\"attach_85\" src=\"/cms/resources/upload/1488003156703.jpg\" alt=\"\" /></p><p><br /></p><p>法拉利车队主席塞吉奥.马尔乔内给予马拉内罗工厂员工们支持与鼓励。他表示他将不会相信这次季前测试的结果。<br /><br /><br />“赛车进展顺利，我的意思是引擎测试结果很棒，但这一次我不再相信它了，我们会等到五盏红灯熄灭的时候再看，”更加谨慎小心的马尔乔内说道。<br /><br /><br />“但工厂里正在进行的工作是非常庞大的。。。包括引擎，空气动力学，所有新规则。他们日复一日的工作，就算圣诞节也仅仅休假两天，”他在采访中说道。<br /><br /><br />如果2017赛季梅赛德斯犯错，法拉利能获胜吗？<br /><br /><br />“如果我们这么想我们就错了。或许你们不喜欢梅赛德斯，但他们干得非常好。这取决于我们自己，我们应该集中精力想想怎样提升实力来击败他们。”意大利人总结道。<br /></p>','',0,'2017-02-25 14:13:05','2017-02-25 00:00:00','F1赛车世界',12,2),(31,'罗斯伯格：我倾向于阿隆索加入梅赛德斯顶替我',NULL,1,0,'<p><img id=\"attach_86\" src=\"/cms/resources/upload/1488003272901.jpg\" alt=\"\" /></p><p><br /></p><p>F1世界冠军尼科•罗斯伯格表示，他更希望费尔南多•阿隆索取代自己成为刘易斯•汉密尔顿2017年在梅赛德斯的队友，但是他也承认这招“不会成功”。<br /><br /><br />罗斯伯格在接受西班牙《马卡》报采访时称，对已经是“车迷”而不是车手的自己而言，二届世界冠军阿隆索是他的理想选择，而不是瓦尔特利•博塔斯。<br /><br /><br />“好吧，因为我现在是车迷，从这角度出发，很容易回答，”罗斯伯格被问到他会选择谁来取代自己时说，“每个人都说阿隆索，我也是如此，因为那样一来就会与汉密尔顿擦出火花（罗斯伯格笑了起来）。”<br /><br /><br />“对车迷来说，那会很好，但是对车队，不会成功。他们已经找到了非常好的方案。博塔斯很快。尽管汉密尔顿会处于一个非常、非常高的水平线上，要击败他非常困难，但是我已经证明他（博塔斯）可以做到。”<br /><br /><br />说到博塔斯，罗斯伯格俏皮地说：“我堵他在澳大利亚的第一场比赛拿到杆位。”<br /><br /><br />与劳达没有过节<br /><br /><br />罗斯伯格透露，他的前车队领导尼基•劳达虽然对于事先很晚才得知他的退役决定感到不高兴，而且被媒体大肆渲染，但是当面并没有。<br /><br /><br />被问到梅赛德斯方面是否生气时，他回答说：“生气？不，他们对我非常尊重，我很感激。至于劳达，事情更复杂一点，尽管他在媒体前看似很生气，但见到我时，他并没有。”<br /><br /><br />“他亲口对我说，他向我脱帽致意。在我们非常愉快的三年共事时间里，他一直非常支持我。”<br /></p>','',0,'2017-02-25 14:14:57','2017-02-25 00:00:00','F1赛车世界',12,2),(32,'阿尔伯特公园',NULL,1,0,'<p><img id=\"attach_87\" src=\"/cms/resources/upload/1488003646838.jpg\" alt=\"\" /></p><p><br /></p><p>离开初春阴冷的英格兰，我们前往夏秋之交的澳洲大陆。随着维修站中第一声引擎轰鸣划破阿尔伯特公园的宁静——过去10年中的9次——F1新赛季都是以这样的方式开始的……<br /><br /><br />由于赛道的一部分是由街道零时改建的，这意味着赛道情况并不怎么理想，而当比赛进行时，随着橡胶的累积，赛道条件将迅速改观。<br /><br /><br />总体说来，阿尔伯特公园可真·长阿！开完16个弯角的平均用时在1分30秒左右。由于存在不少之字弯角，刹车的作用非常重要，因此赛道会把刹车CDTH，所以我们要用上与蒙扎，巴林类似的最硬刹车材料。由于出之字弯角时，有不少2档的加速路段，赛道对后轮磨损很厉害。此外，我们还需要中高下压力的空气动力套件。个人而言我认为11和12号弯角是赛道最难把握的弯角，它们是一组5档的高速之字弯。之字弯之后是一段长直道，这意味你必须在出12号弯时保持最大的速度。赛道最后一段尤为重要，虽然这里主要是由二档和三档弯角组成，但却对圈速影响巨大。此外还要合理利用之字弯的路肩。<br /><br /><br />所以，刹车，牵引力，对后轮的保护和驾驭路肩的能力是统治阿尔伯特公园的关键。<br /></p>','',0,'2017-02-25 14:21:25','2017-02-25 00:00:00','F1赛车世界',7,2),(33,'萨基尔',NULL,1,0,'<p><img id=\"attach_89\" src=\"/cms/resources/upload/1488003782208.jpg\" alt=\"\" /></p><p><br /></p><p>又是一夜风沙，往昔喧嚣的驼队已然散去，前方的油井中喷涌着财富，也制造着我们运动的血液。太阳微微露出低平线，耳边回荡着虔诚的礼拜声，一股浓烈的汽油味扑面而来，F1来到了波斯湾的中心。<br /><br /><br />巴林赛道巧妙的结合了中低速弯角，炎热的天气将考验赛车的散热与稳定性。虽然赛道表面光滑，但随风而至的沙粒却无处不在。如若风势微减，赛道上可能会形成一条干净的赛车线。在这里赛车的能力将决定一切。<br /><br /><br />在巴林，我们有长长的发车直道，你可以带着刹车划入紧凑的第一弯，但当发车时所有人都试着挤入时，这将非常可怕。在入四号弯前又是一条长直道。在经过普通的四号弯后，将会是5号和6号连续高速弯。车手的赛车线和操控将是那里的关键；油门得要收放自如。在高速下依次通过左弯—右弯—左弯，其中充满驾驶乐趣。<br /><br /><br />当你进入9号弯时，赛道会越来越窄，你得在制动的同时进行转向，这或许是全年最难的弯角之一。此时速度和抓地力都很低，你很容易就能体会轮胎锁死的感觉。<br /><br /><br />长长的直道使得赛道充满超车机会，但最精彩的部分还是5号，6号组合弯。<br /></p>','',0,'2017-02-25 14:23:30','2017-02-25 00:00:00','F1赛车世界',7,2),(34,'上海',NULL,1,0,'<p><img id=\"attach_91\" src=\"/cms/resources/upload/1488003952534.jpg\" alt=\"\" /></p><p><br /></p><p>坐落在上海嘉定的“上”字型的赛道构型，其寓意不言自明。两条超长直道需要赛车拥有强劲的马力和高空气动力学效率。而前3弯紧凑的布局则如同置身于摩纳哥蜿蜒的街道中，这需要锐利的车头指向和强劲的牵引力。而第<br /><br /></p><p>2段中连续中高速弯角则要求赛车拥有良好的平衡性和空气动力下压力。<br /><br /><br />无疑这是条异常苛刻的赛道，而上海捉摸不定的雨水会让比赛变得更加扑朔迷离。<br /></p>','',0,'2017-02-25 14:29:11','2017-02-25 00:00:00','F1赛车世界',7,2),(35,'加泰罗尼亚',NULL,1,0,'<p><img id=\"attach_93\" src=\"/cms/resources/upload/1488004244891.jpg\" alt=\"\" /></p><p><br /></p><p>当春天的气息弥漫在比利牛斯山间，当地中海的微风拂过利比里亚半岛，当圣家堂的钟声再次响起，当斗牛士的豪情开始蔓延，你已身处塞万提斯一生的挚爱——美丽的巴塞罗那。<br /><br /><br />每年冬天车队花费数周时间在此测试新车，因为加泰罗尼亚赛道对赛车的空气动力学及轮胎匹配提出了极致的要求。高速弯角需要良好的下压力，而另一方面，长长直道将使阻力付出代价，同时也意味着强有力的引擎动力是必须的。高速弯角同时也意味着对轮胎的考验——在这里我们会用上全年最硬的轮胎配方——良好的赛车平衡是比赛表现的基础。这一切定义了好车的标准。<br /><br /><br />去年赛道的最后一对高速弯角被一个之字组合弯取而代之，这样后车就可以在进入大直道前仅贴前车了。当然真正的车手会想念那两个弯角，想念在弯心持续给油，在后车的尾流中挣扎向前的感觉。虽然经过了此项改动，但超车在这里依然不是件容易的事，所以排位赛就至关重要了。<br /><br /><br />最后，这里还有狂热的西班牙车迷，是的，这里是费尔南多·阿隆索的国度！<br /></p>','',0,'2017-02-25 14:31:03','2017-02-25 00:00:00','F1赛车世界',7,2),(36,'蒙特利尔',NULL,1,0,'<p><img id=\"attach_95\" src=\"/cms/resources/upload/1488004359864.jpg\" alt=\"\" /></p><p><br /></p><p>Ragates湖的宜人的晚风，总给人无尽的思绪，圣劳伦特奔涌的河水，仿佛在诉说着蒙特利尔的往事，1967年的世博会，1976年的奥运会，当然还有一位叫吉尔斯的天才车手——F1来到了他最出色的儿子——维伦纽夫的故乡。<br /></p>','',0,'2017-02-25 14:32:52','2017-02-25 00:00:00','F1赛车世界',7,2),(37,'银石',NULL,1,0,'<p><img id=\"attach_97\" src=\"/cms/resources/upload/1488004431945.jpg\" alt=\"\" /></p><p><br /></p><p>18岁的伊丽莎白·泰勒嫁给了希尔顿酒店的继承人，韩战爆发，William Faulkner赢得了诺贝尔文学奖，阿尔波特·爱因斯坦毅然走上美国电视屏幕反对核竞赛。在那个5月13日，英格兰腹地的一条由飞机场改建的赛道—— Silverstone——引擎首次发出轰鸣，接下来就是我们熟悉的大奖赛传奇了。<br /><br /><br />银石是一条苛刻的赛道，几乎定义了冠军赛车的标准。第一段的连续快速弯角，强调了良好的下压力与空气动力平衡，同时长直道考验着空气动力效率和强有力的引擎动力。最后一段复杂的慢速弯角要求良好的机械抓地力和出色的扭矩表现。<br /><br /><br />很多车队的总部都在银石赛道附近，这就意味着所有人都对银石了如指掌。车队会使用最寻常的空气动力套件，两停的进站策略以及最硬的轮胎配方。<br /><br /><br />这是一条绝对的快速赛道，事实上整个第一段，一直到第七弯你根本不必才刹车，这意味着你全油门通过第一弯，接下来的Maggots和Backetts弯都保持全油门，到5号弯时稍微松一下油门，这时你将以290km/h的速度转向。出弯后继续全油门。<br /></p>','',0,'2017-02-25 14:34:12','2017-02-25 00:00:00','F1赛车世界',7,2),(38,'亨格罗林',NULL,1,0,'<p><img id=\"attach_99\" src=\"/cms/resources/upload/1488004504044.jpg\" alt=\"\" /></p><p><br /></p><p>随多瑙河水顺流而下，带着我们来到美丽的匈牙利草原，登上渔人堡，俯视布达佩斯的岁月沧桑。链子桥上M23轰鸣而过，将F1思绪拨捎到亨格罗林。<br /><br /><br />紧凑蜿蜒，坦率地说，虽然没有赛道围栏，但这里就像摩纳哥的东欧复克版，是对车手天赋极极具挑战性的技术型赛道。车队会带来最大格式的空力套件，以应付第二段中的连续之字弯。由于通常8月的骄阳似火，冷却系统将扮演重要得角色，部分车队不得不调低引擎转速，虽然在这里扭矩更重要一些，但是多少也要付出圈速的损失。<br /><br /><br />这可能是全年最脏得赛道了；低下压力使得我们要使用全年最软质的轮胎，以获得最佳的抓地力；当然在这样的高气温下，轮胎衰减永远是不可避免的问题。此外，离开赛车线后抓地力的顿减，使得超车几乎变成了不可能完成的任务。这样排位赛就是重中之重了。<br /><br /><br />由于历史与文化的渊源，每年大量芬兰车迷会来到亨格罗林为同胞加油。<br /></p>','',0,'2017-02-25 14:35:20','2017-02-25 00:00:00','F1赛车世界',7,2),(39,'蒙扎',NULL,1,0,'<p><img id=\"attach_102\" src=\"/cms/resources/upload/1488004614470.jpg\" alt=\"\" /></p><p><br /></p><p>1922年9月3日，英雄般的皮耶特罗·波尔蒂诺在雨中获得了胜利，他被数量庞大、嘈杂无比、激情四溢的观众从主看台前方架出了赛场，这就是美名远扬，抑或是臭名昭著椭圆型赛道的第一场比赛。欢迎来到蒙扎——Tifosi的故乡……<br /><br /><br />蒙扎赛道被认为是最后一个纯正的地下压力赛道：长直道和高速弯角决定了低阻力是决定性的优势。超高的路肩，侵略性的架势方式是必须的，当然切的太狠，赛车悬挂就废了。<br /><br /><br />同时，引擎在此是决定性的因素，而峰值动力要比扭力更为重要。而刹车碟压力会很高，我们会选用最硬的刹车组件。由于空气动力下压力匮乏，轮胎的机械抓地力就来得格外重要，在这里我们会选用最软的轮胎。此外，两停和一停的进站策略都是可行的选择。<br /><br /><br />刹车时赛车稳定性是这里的关键。在所有弯角都要试图晚刹车，但在上路肩时又要放开刹车，例如1号和2号之字弯时就该如此了。Lesmos的高速右手弯闻名世界。出弯后，你就要准备进入Curva del Vialone之字弯，这里是赛道最难的部分。<br /></p>','',0,'2017-02-25 14:37:20','2017-02-25 00:00:00','F1赛车世界',7,2),(40,'雪邦',NULL,1,0,'<p><img id=\"attach_103\" src=\"/cms/resources/upload/1488004745346.jpg\" alt=\"\" /></p><p><br /></p><p>38摄氏度的空气温度，58摄氏度的赛道温度，75%的湿度，不期而至，却又转瞬即逝的暴雨，当你看到地平线上朵朵白色的荷叶升起时，雪邦赛道已经在你眼前。<br /><br /><br />雪邦也许是全年最艰难的赛道，没有之一！同时它无疑也是技术要求最高的。赛车需要在所有方面都应对它的挑战：那里有一连串的高速弯角，你需要赛车拥有良好的平衡性和优秀的空气动力效率。<br /><br /><br />赛道充满节奏感，前一个弯角的出弯自然将你领向后一个弯角，所以它对刹车的要求并不严酷；其精髓在于弯角中能否保持速度。当然，高温高湿的环境对车手生理也挑战极大。<br /><br /><br />在这里有很多让人流连的弯角。第五第六号高速弯角非常刺激，那是组5档弯，哦，不，如果你赛车平衡良好，前部压力力良好，没有太多的转向不足，你可以用六档通过，以高速逃离6号弯的感觉肯定棒极了。9号弯是一个极慢速弯，这将是对赛车牵引力的终极考验；如果你有一辆好车，在出弯后可以保持全油门加速直到11 号弯入口处——在那你需要后悬挂的出色表现。<br /><br /><br />同时轮胎在这也将面对极大的考验，这并不单单是因为炎热，现在表面沥青也已经开始老化了，所以其对轮胎的考验变本加厉了。<br /></p>','',0,'2017-02-25 14:39:25','2017-02-25 00:00:00','F1赛车世界',7,2),(41,'铃鹿',NULL,1,0,'<p><img id=\"attach_105\" src=\"/cms/resources/upload/1488004844936.jpg\" alt=\"\" /></p><p><br /></p><p>沿着铃鹿维修站通道的下坡上加速，在第一个弯角以5档轻微减速之前，你的速度是每小时325公里，来到6档。你的速度只是略减到259公里每小时。2号弯是更紧的右弯，在这里以3档过弯，速度降到165公里每小时。<br /><br /><br />快速踩油门将速度提升到247公里每小时左右，你来到蛇形部分。用4档通过跳跃的左-右-左-右弯。你的速度从最开始的210公里每小时，落到最后一个右手弯的160公里每小时。下一个挑战是长长的邓禄普左弯。以201公里的时速进入颠簸的邓禄普弯，它要你几乎全速前行。你以6档驶过下一条直道，时速可达290公里每小时。接着是Degner弯。<br /><br /><br />在轻踩油门通过更难的9号弯（通过这里的时速是130公里每小时）之前，你以4档，215公里每小时的速度通过这个双右手弯的第一段。接着是短直道，你以5档269公里每小时的速度通过大桥，此时赛道略微右偏来到发卡弯。在180度左手弯，以1档过弯，重刹车后速度降到70公里每小时。当你踩油门出弯时，赛道右转来到12号弯。<br /><br /><br />在6档下，你的速度达到295公里每小时，之后在双尖的勺子弯刹车。以4档，180公里每小时的速度通过第一个左手弯。随着你过弯，在第二个顶点挂3档，轻刹车，速度降至140公里每小时前，你将略微加速。由于出弯后来到全场最长的直道，通过勺子弯时保持动力至关重要。<br /><br /><br />从最低档来到最高档位，你以6档，320公里每小时的速度行驶，通过直道，驶向13号弯。在这个左手弯，无论全速还是轻微转弯，你的速度在这里能保持在310公里每小时。在又一条直道后你来到卡西诺三角弯，接着你扫过一个长右手弯，到达起（终）点线。<br /></p>','',0,'2017-02-25 14:41:05','2017-02-25 00:00:00','F1赛车世界',7,2),(42,'奥斯汀',NULL,1,0,'<p><img id=\"attach_107\" src=\"/cms/resources/upload/1488004943058.jpg\" alt=\"\" /></p><p><br /></p><p>从车手和观众的角度说，新赛道看上去非常有吸引力。它似乎什么都有一点，梅赛德斯的模拟器显示，赛道有比斯帕更多的速度超过250kph的弯角，还有比匈牙利更多的速度低于100kph的弯角，还真是一个丰富的组合。<br /><br /><br />赛道有一条非常长的直道，两头都有一个发夹弯，而这里也是单个DRS区域的位置。它还有许多个弯角，这向世界上其他赛道的一些伟大弯角致敬。比如说，第一弯是一个上坡弯，与70年代伟大的奥地利赛道（Osterreichring track）相似，随后还有一些高速的组合弯角与银石的Maggotts/Becketts很相像。<br /></p>','',0,'2017-02-25 14:42:49','2017-02-25 00:00:00','F1赛车世界',7,2),(43,'英特拉格斯',NULL,1,0,'<p><img id=\"attach_109\" src=\"/cms/resources/upload/1488005090720.jpg\" alt=\"\" /></p><p><br /></p><p>这是一条为了人民建造的赛道——并且它对自身拥有的璀璨的历史产生某种不自觉的冷漠。对于它无意间散发出的阵阵庄严和华丽之感，其他赛场或许只有在梦中才能够触及。欢迎来到英特拉格斯，Ayrton Senna的故里。<br /><br /><br />直到去年英特拉格斯还以其颠簸的赛道表面而闻名于世，但2007年的重铺沥青使情况大大改善。通常赛道在周五时表面很脏，但随着比赛周末的推进情况会逐渐好转，车队会选择放弃一些下压力换回直道上的速度，而这也让第一弯成了超车的绝佳机会。当然巴西的骄阳永远是一个问题，保护轮胎衰减总是重中之重。<br /><br /><br />英特拉格斯是一条逆时针赛道，此外，在进站和出站环节可能让你损失大量时间，你还在哪里看到过三个连续弯角的维修站出口么？很多次英特拉格斯的比赛都是在进站出站间决定的。<br /><br /><br />第12号弯角是一个2档慢速弯，也是全场最重要的弯角，良好的出弯速度和扭力对13和14弯相当重要，在那里你只要一脚油门踩到底就可以了。<br /></p>','',0,'2017-02-25 14:45:09','2017-02-25 00:00:00','F1赛车世界',7,2),(44,'法拉利',NULL,1,0,'<p><img id=\"attach_111\" src=\"/cms/resources/upload/1488005603104.jpg\" alt=\"\" /></p><p><br /></p><p>Scuderia Ferrari (发音： [skudeˈria ferˈrari]) 是法拉利汽车公司赛车运动分部。 车队主要参与F1赛事，但是从1929年创立伊始就积极参与其他各项汽车赛事。<br /><br /><br />最初的赛车是由 Alfa Romeo 所制造的，而车队由恩佐·法拉利建设，自1947年起赛车由法拉利自行制造。法拉利是保留至现在最早的车队，在大奖赛的初登场要追溯到1932年，而目前法拉利也是最为出色的F1车队，拥有15个车手世界冠军和16个车队世界冠军。<br /><br /><br />Alberto Ascari, Juan Manuel Fangio, Mike Hawthorn, Phil Hill, John Surtees, Niki Lauda, Jody Scheckter, Michael Schumacher 和 Kimi Räikkönen 都是在法拉利赢得世界冠军的车手. 车队目前的车手组合是 Fernando Alonso 和 Felipe Massa.<br /><br /><br />早年历史<br /><br /><br />正文: 法拉利车队的历史（History of Scuderia Ferrari）<br /><br /><br />法拉利车队于1929年由恩佐法拉利建立，在建队伊始代表 Alfa Romeo 参赛。在1938年， Alfa Romeo 决定吸收法拉利车队建立 Alfa Corse 。恩佐法拉利无法接受公司的决定，因此在1939年离开了Alfa公司。公司禁止他在4年内使用法拉利的名字参加汽车运动。<br /><br /><br />在1939年法拉利开始制造自己的赛车，由Alberto Massimino设计的Tipo 815型赛车（8缸，1.5升排量）。第二次世界大战使得赛车运动不得不告以段落，而法拉利继续制造机械工具。<br />战争后，法拉利招纳了许多过去Alfa的同事组建了一只独立的新法拉利车队。<br /><br /><br />车队基地<br /><br /><br />从车队建立至1943年，车队的基地是在Modena 。 而当恩佐 法拉利在1943年将车队基地迁至 Maranello 的新工厂后，赛车以及民用车的工厂就一直沿用至今。车队在1972年建造了 Fiorano 赛道 ，用于赛车及民用车的测试<br /><br /><br />队名及队标<br /><br /><br />队名根据创始人恩佐法拉利而命名。 Scuderia 在意大利语中有在马厩中的赛马之意，也经常被用于意大利的赛车运动车队。<br /><br /><br />跃马是意大利一战时的王牌 Francesco Baracca 战机的标识，在他阵亡后，他的亲人、也是恩佐法拉利的好朋友提议将跃马作为法拉利的队标，希望法拉利车队能够继承 Francesco Baracca 的运动精神，勇敢以及果断。<br /><br /><br />车队现状<br /><br /><br />目前法拉利车队在车队主席 Stefano Domenicali 的带领下征战F1。 Pat Fry 是底盘设计主任而 Luca Colajanni 则是车队发言人（译者注： Luca Colajanni 在2013年2月1日离任）。<br />而法拉利的正赛车手是 基米·莱科宁 和 塞巴斯蒂安·维特尔。&nbsp;<br /><br /><br /><br /><br /></p>','',0,'2017-02-25 14:58:44','2017-02-25 00:00:00','F1赛车世界',8,2),(45,'威廉姆斯',NULL,1,0,'<p><img id=\"attach_113\" src=\"/cms/resources/upload/1488006413917.jpg\" alt=\"\" /></p><p><br /></p><p>WilliamsF1（威廉姆斯F1），是威廉姆斯大奖赛工程公司的缩写，它一支一级方程式（F1）车队，并是一家制造商。威廉姆斯F1车队由弗兰克·威廉姆斯爵士（Sir Frank Williams）和帕特里克·海德（Patrick Head）建立<br /><br /><br />车队建立于1977年，相对于其巨大的成功，威廉姆斯爵士之前的两次F1尝试 Frank Williams Racing Cars 和 Walter Wolf Racing都以失败告终。所有威廉姆斯F1车队的底盘都以“FW”和一个数字命名，“FW”是车队拥有<br />Frank Williams的首字母缩写。<br /><br /><br />威廉姆斯的第一场大奖赛是1978年阿根廷大奖赛（1978 Argentine Grand Prix），1979年瑞士车手Clay Regazzoni拿下了当年的英国大奖赛冠军，这也是车队历史上第一个分站冠军。1997年加拿大人雅克·维伦纽夫（Jacques Villeneuve）为车队赢得了第100场胜利，使得威廉姆斯车队与法拉利和迈凯伦车队一起跻身于F1“三强”（“Big Three”）之列。在1980-1997年间，赢得了9次车队世界冠军。直到2000年法拉利车队的胜利才打破了他们保持的纪录。<br /><br /><br />很多著名车手曾为威廉姆斯车队效力，包括芬兰人科科·罗斯伯格；英国车手尼格尔·曼塞尔和达蒙·希尔；法国的阿兰·普罗斯特，巴西车手尼尔森·皮奎特和阿亚顿·塞纳，加拿大人雅克·维伦纽夫，这些人中除了塞纳外，都回车队赢得过车手世界冠军。当塞纳在1994年圣马力诺大奖赛上在威廉姆斯赛车中身亡后，弗兰克·威廉姆斯，帕特里克·海德和设计师阿德里亚安·纽维都被指控犯有过失杀人罪。直到2005年，案子才以威廉姆斯，海德和纽维的无罪开释了结。<br /><br /><br />威廉姆斯与很多著名的引擎制造商展开过合作，最为成功的是与雷诺引擎的合作：威廉姆斯在与法国公司的合作中获得了他们9个车队世界冠军中的5个。威廉姆斯车队与法拉利，迈凯伦，和雷诺（前身为贝纳通车队）组成的“4大车队”，垄断了79年至今所有车队总冠军，1984年以来所有车手冠军也都无一例外的来自于这四支车队。然而，威廉姆斯车队是这四支车队中仅存的独立车队了，其他三支都已经成为“厂商车队”——由主要的汽车制造商支持或直接运营。<br /></p>','',0,'2017-02-25 15:07:19','2017-02-25 00:00:00','F1赛车世界',8,2),(46,'迈凯轮',NULL,1,0,'<p><img id=\"attach_114\" src=\"/cms/resources/upload/1488006741776.jpg\" alt=\"\" /></p><p><br /></p><p>McLaren Racing（迈凯轮）这是一支以英国萨里郡沃金为基地的F1车队。迈凯轮以F1制造商而享誉天下，同时他们还参加印第安娜波利斯500英里赛，加拿大—美国挑战杯赛(Can-Am）和勒芒24小时耐力赛。在f1现役车队中，迈凯轮的历史仅次于法拉利，也是f1历史上最成功的车队之一，获得过182场大奖赛胜利，12个车手世界冠军及8个制造商世界冠军。<br /><br /><br />车队于1963年由新西兰人布鲁斯·麦克拉伦（Bruce McLaren）创立，并在1968年比利时大奖赛首获分站冠军，但车队最初的成功却来自于Can-Am，他们在1967至1971赛季统治了该项比赛。接着，Mark Donohue在1972年、 Johnny Rutherford在1974和1976年都驾驶着迈凯轮赛车获得了印第安纳波利斯500赛的胜利。1970年Bruce McLaren在一次试车中发生事故丧生，其后泰迪·梅耶（Teddy Mayer）接管迈凯轮并在1974年带领车队第一次获得f1车队世界冠军，埃莫森·费迪帕尔蒂（Emerson Fittipaldi）与詹姆斯·亨特（James Hunt）也分别获得1974与1976赛季车手世界冠军。车队也是在1974年开启了与菲利普·莫里斯（Philip Morris）旗下的烟草品牌万宝路（Marlboro）之间漫长的合作关系。<br /><br /><br />1981年迈凯轮与罗恩·丹尼斯（Ron Dennis）的Project 4车队合并。 Dennis接过了车队领队的帅印，并在不久之后策划买断了原有迈凯轮股东手上的股权全盘接掌车队，从而翻开了车队历史最光辉的一页：车队与保时捷和本田引擎合作，由尼基·劳达（Niki Lauda）、阿兰·普罗斯特（Alain Prost）和埃尔顿·塞纳（Ayrton Senna）斩获7个车手世界冠军，迈凯轮则赢得6个车队世界冠军。其中Prost与Senna的组合最具统治性——他们在1988赛季仅丢了一场比赛——但之后他们之间的竞争变了味，Prost也远走法拉利。在这段时期，同样来自于英国的威廉姆斯车队给迈凯轮带来了最大的挑战，两队包揽了1984至1994赛季的车队世界冠军。然而在20世纪90年代中期，随着本田退出f1及Senna转会威廉姆斯，迈凯轮在3年里难觅一胜。直到与梅赛德斯奔驰引擎的合作，West的赞助与前威廉姆斯设计师阿德里安·纽维（Adrian Newey）的到来，米卡·哈基宁（Mika Häkkinen）代表迈凯轮收获1998和1999赛季总冠军。车队在2000年之后一直保持着竞争力，并由刘易斯·汉密尔顿（Lewis Hamilton）获得最近的一次世界冠军。2009年Dennis隐退后将车队领队的位置交给马丁·惠特马什（Martin Whitmarsh）。<br /></p>','',0,'2017-02-25 15:13:04','2017-02-25 00:00:00','F1赛车世界',8,2),(47,'红牛',NULL,1,0,'<p><img id=\"attach_116\" src=\"/cms/resources/upload/1488006988917.jpg\" alt=\"\" /></p><p><br /></p><p>英菲尼迪红牛车队是一支总部位于英国米尔顿·凯恩斯的F1车队，注册地是奥地利。红牛车队与红牛青年队都是红牛公司拥有的。车队在2010，2011和2012赛季赢得了三次车队冠军，也是第一支赢得F1车队冠军的奥地利车队[1] 。车队车手塞巴斯蒂安·维特尔也在这三年中赢得了世界冠军。车队现在是被GP2系列赛Arden International车队老板克里斯蒂安·霍纳管理。车队从2007赛季开始使用雷诺引擎，并且把合同延续到了2016年。[5] 2012年11月，车队宣布英菲尼迪从2013赛季开始成为车队的冠名合作伙伴，车队也更名为英菲尼迪红牛车队。<br /></p>','',0,'2017-02-25 15:16:41','2017-02-25 00:00:00','F1赛车世界',8,2),(48,'索伯',NULL,1,0,'<p><img id=\"attach_118\" src=\"/cms/resources/upload/1488007307272.jpg\" alt=\"\" /></p><p><br /></p><p>Sauber （索伯）是一家瑞士汽车制造商，专注于跑车竞技（Sports car racing）以及F1。<br /><br /><br />他们在F1中的最好成绩是曾经六次位于第三完赛，还有两次头排起步。车队最成功的赛季是2001年，他们在当年的制造商年度排名表上位列第四。在他们的F1参赛史中，索伯车队从未获得过分站冠军，杆位，以及最快圈速。<br /><br /><br />现在，曾经独立运营的索伯公司，已经被宝马（BMW）收购，并以宝马—索伯（BMW Sauber）冠名。<br /></p>','',0,'2017-02-25 15:22:01','2017-02-25 00:00:00','F1赛车世界',8,2),(49,'红牛二队',NULL,1,0,'<p><img id=\"attach_120\" src=\"/cms/resources/upload/1488007478683.jpg\" alt=\"\" /></p><p><br /></p><p>红牛青年队（意大利语的“红牛车队”的意思）是一支F1车队，在保罗·斯托达德于2005年末卖掉了其拥有的米纳尔迪车队之后，由饮料公司红牛与前F1车手格哈德·伯格分别握有50%的股份，它的F1首场比赛是在2006赛季。<br />红牛青年队是红牛车队的兄弟队，其目的是为了培养那些有前途的车手的能力，来输送给红牛车队。.<br /><br /><br />由于2006赛季末红牛车队中止了与法拉利的合同，因此红牛青年队接手了该合作合同，在2007和2008赛季使用法拉利的V8引擎。车队经理是弗朗茨·托斯特，曾在宝马赛车运动部门工作。STR2是最晚出炉的一款赛车，它和红牛车队的RB3几乎完全一样，都是由阿德里安·纽维设计的。<br /><br /><br />车队2008赛季的车手阵容是塞巴斯蒂安·瓦特尔——从2006赛季起到2007赛季中期获得正赛车手席位之前都是宝马车队的三号车手，以及塞巴斯蒂安·伯尔戴斯——四届Champcar的冠军。<br /></p>','',0,'2017-02-25 15:24:53','2017-02-25 00:00:00','F1赛车世界',8,2),(50,'印度力量',NULL,1,0,'<p><img id=\"attach_123\" src=\"/cms/resources/upload/1488007861114.jpg\" alt=\"\" /></p><p><br /></p><p>撒哈拉-印度力量 F1 车队,公司名印度力量F1车队有限公司，是一只现持有印度执照的位于英国银石的F1车队。车队由印度商人玛尔雅率领的财团于2007年10月成立，以9000万欧元收购世爵车队。印度力量车队的出现代表着<br />自印度开始在11年首次举办F1大奖赛以来，越来越多的参与到了F1。07年10月24日，国际汽联正式确认世爵车队改名为印度力量车队。<br /><br /><br />在29场分站赛颗粒无收之后。09年比利时大奖赛上，费斯切拉拿到了车队历史上第一个积分，同时也是第一个亚军。在接下来的意大利大奖赛中，苏蒂尔有代表车队拿到第四，同时还收获车队历史上第一个最快单圈。<br /><br /><br />11年10月，印度公司， Sahara India Pariwar,以1亿美元的价格收购了车队42.5%的股份。<br /></p>','',0,'2017-02-25 15:31:16','2017-02-25 00:00:00','F1赛车世界',8,2),(51,'尼基·劳达',NULL,1,0,'<p><img id=\"attach_124\" src=\"/cms/resources/upload/1488008280770.jpg\" alt=\"\" /></p><p><br /></p><p>Andreas Nikolaus &quot;Niki&quot; Lauda （安德里亚·尼古拉斯·“尼基”·劳达）（1949年2月22日出生于维也纳） 这个奥地利人不仅是飞行员、企业家，还是一名曾赢过三届世界冠军的前F1车手。<br /><br /><br />尼基-劳达出生在一个富裕的家庭，环境注定他是一名罗马教徒。不顾家人的反对，劳达毅然走上了赛车之路。他的赛车生涯始于Mini，不久后他就转投在中欧较为普遍的Vee方程式赛事，但马上又升级去为保时捷和雪佛龙的私人车队开车。自此，他的职业生涯看上去波澜不惊，直到他在一家人寿保险公司的担保下从银行贷了一大笔款，并用这笔钱买到了March车队的F2车手位置。他很快就会提拔到F1车队， 1972年，他同时在F1和F2领域中<br />March车队效力。虽然March的F2车队很不错，而且劳达的试车技术的确给车队主管罗宾-赫德留下了深刻的印象，但他们当年的F1赛季实在是惨不忍睹。绝望的劳达甚至曾经考虑要做出一些过激的行为，但最终，在1973年，<br />又向银行贷了款，进入BRM车队。劳达立即发挥出极高的水平，可车队状态一直不甚理想，甚至在衰退。1974年,他终于迎来了转折点：劳达在BRM车队的队友克雷-雷加佐尼重回法拉利，并在老板恩佐·法拉利面前对劳达大加赞许。随后法拉利马上签下了劳达，并付给他足以还清债务的薪水。<br /><br /><br />如果说20世纪70年代初期的岁月是不太成功的话，那么1973年的开局就是灾难的顶锋。终于，法拉利在主席卢卡-迪-蒙特泽摩罗的领导下重组了，并在1974年成功复活。这支车队对当时不甚有名的劳达十分信任，这份信任很快获得了回报——劳达为车队赢得了揭幕战阿根廷大奖赛的第二名。仅仅在三站以后的西班牙，劳达就迎来了他的第一场F1大奖赛胜利——这也是法拉利车队自1972年以来的第一场胜利。虽然劳达一直作为赛季的领先者并连续获得六个杆位，但自身经验的缺乏加上赛车的稳定性欠缺，意味着他在那一年只能再赢得一场荷兰大奖赛了。在季末的车手积分榜上他仅列第四，但证明了自己极佳的测试和改进赛车的能力。<br /><br /><br />劳达的1975赛季开始得很不顺利。但在前四站比赛最好成绩仅是第五的情况下，他驾驶着法拉利新312T赛车在接下来的五场比赛中赢下了四场。在收官之战美国大奖赛获得第五之后，他的第一个大奖赛冠军终于板上钉钉了。<br /><br /><br />1976 年与1975赛季不同，劳达完全控制了前几场比赛。他赢下了前六场中的四场，另外的两场则以第二完赛。他在英国赢得第五场胜利之后，比第二名的乔迪·施科特超出一倍多的积分，他的“两连冠”看起来只是时间问题了。而在1959和1960年杰克·布拉汉姆的连冠后还没有人能卫冕陈公。而且他看上去还有希望打破Jim Clark于1963年创造的单赛季最高获胜场次记录。<br /><br /><br />然而这时，悲剧发生了。在德国大奖赛长长的纽伯格林赛道，第二圈，劳达的车怀疑由于后悬挂系统故障，突然驶离了赛道，在撞到防护墙后滚回赛道并来到朗格的苏蒂尔-福特赛车的行驶路线上。劳达的车燃起熊熊大火，但比朗格更不幸的是，他被困在赛车残骸里了。车手马沙利奥、盖伊·爱德华兹和哈拉德·埃特尔很快来到出事现场，但在他们三人加上朗格奋力把劳达从车里拉出来之前，他在车里已经遭到了严重的头部烧伤，吸入的有毒热气导致他的肺脏和血液系统损坏。虽然这时的劳达还有意识，而且还能马上站起来，但晚些时候他陷入昏迷，牧师甚至为他执行了临终祈祷仪式。<br /><br /><br />这场大火给劳达留下了大片伤疤，但这或许成为了他在公众眼中的一大特征。他自认为没有深入治疗的必要，只是进行了一些简单的外科手术以让眼睑恢复正常工作。这场事故之后他在众人面前总是习惯性地戴着那顶帕尔马帽子来遮挡脸部的伤痕——这是他的另一个显著特征。<br /><br /><br />因为劳达基本退出争夺，法拉利抵制了奥地利大奖赛，以抗议在西班牙和英国大奖赛上赛会对迈凯伦车手詹姆斯-亨特的偏袒。卡洛斯-里特曼甚至也被列入替代者名单。<br /><br /><br />但劳达不可思议地回来了！他不但从那次大火中生还，还在仅仅六周（两场大奖赛）后回到赛场，并在意大利大奖赛上获得了令人惊讶的第四名。劳达离开的日子里，亨特逐渐缩小了与他的积分差距。在加拿大和美国大奖赛的胜利之后，亨特和劳达只有三分之差了。此时只剩下赛季的最后一场大奖赛：日本大奖赛。<br /><br /><br />劳达在排位赛中获得第三名，位列亨特之后。但比赛日天降暴雨，两圈后劳达退赛了——他认为在这种情况下继续在赛道上飞驰是十分危险的。在轮胎被异物刺破使亨特丢掉几个位置后，他又回到第三，最后以一分的优势赢下了总冠军。忽略结局吧，劳达的回归被认为是赛车界最勇敢的典范之一。<br /><br /><br />因为劳达强烈地希望退出赛车界，致使他先前和法拉利的美好关系受到了影响。因为车队已经决定在加拿大大奖赛起用当时还不怎么出名的吉尔斯-维伦纽夫来驾驶三号赛车，所以劳达很早就宣布将在赛季末离开法拉利。在1977赛季，劳达驾驶着法拉利的312T2，以领先第二名乔迪·施科特17分的优势捧回了他的第二座F1冠军奖杯。这一年，劳达只获得了三个分站冠军，分别是南非大奖赛、德国大奖赛和荷兰大奖赛。虽然莲花·福特车队的Mario Andretti获胜次数比劳达多，但劳达仅有三场未能完赛的纪录使其它车手难以望其项背。虽然早早的赢得了1977年的冠军，但他的胜利是源于其可靠性与完赛率而非惊人的速度。即便早已决意离开，但劳达还是和队友里特曼的共同努力，帮助法拉利以33分完胜第二名的莲花-福特车队赢得车队冠军。<br /></p>','',0,'2017-02-25 15:38:16','2017-02-25 00:00:00','F1赛车世界',9,2),(52,'费尔南多·阿隆索',NULL,1,0,'<p><img id=\"attach_125\" src=\"/cms/resources/upload/1488008381754.jpg\" alt=\"\" /></p><p><br /></p><p>Fernando Alonso Díaz（费尔南多-阿隆索-迪亚兹），1981年7月29日出生于西班牙奥维耶多，是一位西班牙现役F1赛车手，并曾两度获得世界冠军。<br /><br /><br />阿隆索3岁时开始卡丁车生涯。从1994年到1997年，他在西班牙连续赢得了三次卡丁车锦标赛冠军，1996年他成为了卡丁车世界冠军。2001年阿隆索在米纳尔迪上演了自己的F1处子秀，接下去一年来到雷诺成为试车手。从2003年开始阿隆索成为了车队的主要车手之一。2005年9月25日，仅仅24岁零58天，他就赢得了F1世界冠军，成为当时最年轻的F1世界冠军。2006年卫冕之后，又成为当时最年轻的双冠王。2007年阿隆索加盟迈凯轮，在2008-2009年回到雷诺，2010年他加盟了法拉利。<br /><br /><br />阿隆索的昵称是El Nano，这是“费尔南多”这个名字在他的家乡Asturias的典型外号，阿隆索还是联合国世界儿童救济基金会的亲善大使。在2003年马来西亚大奖赛和2003年匈牙利大奖赛上，阿隆索曾经成为了F1史上最年轻的杆位和大奖赛冠军的获得者，但这两项纪录均在2008年意大利大奖赛上被塞巴斯蒂安-维特尔击败。<br /></p>','',0,'2017-02-25 15:39:55','2017-02-25 00:00:00','F1赛车世界',9,2),(53,'阿亚顿·塞纳',NULL,1,0,'<p><img id=\"attach_126\" src=\"/cms/resources/upload/1488008508801.jpg\" alt=\"\" /></p><p><br /></p><p>Ayrton Senna da Silva （阿亚顿·塞纳·达·席尔瓦）（发音 [aˈiɾtõ ˈsenɐ dɐ ˈsiwvɐ]1960年3月21日 — 1994年5月1日） 是一位巴西传奇车手，也是3届世界冠军。他在1994年圣马力诺大奖赛上撒手人寰，他的这起事故开启了F1运动车手安全的新时代。他是至今最后一个在大奖赛周末过世的F1车手。<br />他早年参加卡丁车赛，在1983年他赢得了英国F3冠军，并在下一年加入了Toleman车队开始了自己的F1征程。1985年他转到莲花车队，在莲花的3个赛季中他赢得了6场比赛。1988年他加入迈凯伦—本田车队，并与阿兰·普罗斯特成为队友，并在当年赢得了第一个世界冠军。之后在与普罗斯特的竞争中，塞纳赢得了1990和1991年的世界冠军，其中1990年的冠军是由一次充满争议的碰撞决定的，当时普罗斯特已经转投法拉力车队了。在接下来为迈凯伦效力的2个赛季中，虽然驾驶着劣势赛车，塞纳却依然获得了8个分站冠军，并在1993年短暂领跑世界冠军积分榜。然后他转投当时处于统治性的威廉姆斯—雷诺车队征战1994F1赛季，而这也是他最后一个赛季了。<br /><br /><br />他在1984年驾驶一辆毫无竞争力的赛车差一点就赢得了摩纳哥大奖赛，1985年，他在葡萄牙大奖赛上以统治性的优势赢得了首场大奖赛胜利，还有他威名远播的1993年欧洲大奖赛的胜利，都是在雨天条件下取得的，这些都为他赢得了汽车运动历史上超然于世的最强雨战车手的地位。他是单圈速度最快的车手，162场大奖赛65个杆位可以最好的诠释着一切。他在摩纳哥获得6次冠军，而他在1988年日本大奖赛上的冠军为其赢得了第一次世界冠军，以上这些GP至今让人难以忘怀。<br /><br /><br />他对胜利的无情意志是众所周知的，他经常走切线，最有名的是1990年日本大奖赛上，在与阿兰·普罗斯特争夺世界冠军时，故意与其碰撞，导致双双退赛，并由此获得世界冠军。他与其场上和场下的对手阿兰·普罗斯特之间的竞争或许是F1历史上最激烈的争夺了。<br /><br /><br />他的赛车技巧和鲜明个性使他在汽车运动历史上赢得了特殊的地位，这与大奖赛传奇车手Juan Manuel Fangio很类似。全球百万车迷通过电视转播信号见证他在1994年圣马力诺大奖赛上悲剧性的事故。<br /><br /><br />同样著名的还有其特有的双重个性。与塞纳赛道上对胜利的渴望与不屈形成鲜明对照的是，在赛道下他是一个高尚的充满同情心的车手。一个虔诚的基督徒，据说，他捐献出其绝大多数收入创建了“Ayrton Senna Foundation”（阿亚顿·塞纳基金会）——其目的是帮助巴西和全世界范围内贫困儿童。最后他还关心F1运动潜在的威胁性，他帮助推动了车手安全组织的建立。<br /></p>','',0,'2017-02-25 15:42:06','2017-02-25 00:00:00','F1赛车世界',9,2),(54,'塞巴斯蒂安·维特尔',NULL,1,0,'<p><img id=\"attach_128\" src=\"/cms/resources/upload/1488008790427.jpg\" alt=\"\" /></p><p><br /></p><p>塞巴斯蒂安·维特尔 (德文发音： [zeˈbastjan ˈfɛtəl]；出生于1987年7月3日[1]) 是一名现役的德国F1赛车手，现在效力于来自奥地利的红牛车队。他赢得了2010，2011和2012三年的世界冠军。<br /><br /><br />2009赛季首次驾驶红牛赛车出战的维特尔，就成为了历史上最年轻的世界亚军。第二年，拿到年度冠军的他又成为了最年轻的WDC。同年他还帮助红牛车队赢得了队史第一座车队冠军奖杯。他在接下来的2011赛季蝉联了世界冠军，也成为了最年轻的两连冠车手和最年轻的获得连冠的车手。维特尔接下来又在2012年的F1世锦赛里面再次获得世界冠军，成为运动历史上最年轻的三冠王。[2]<br /><br /><br />维特尔同样保有着F1运动中其他几项&quot;最年轻&quot;的记录，其中包括：最年轻的参加正式练习赛的车手，最年轻的获得大奖赛积分的车手，最年轻的在比赛中领跑的车手，最年轻的杆位发车并获胜的车手，[3] 以及最年轻的分站冠军。[4]<br /><br /><br /><br /><br /></p>','',0,'2017-02-25 15:46:41','2017-02-25 00:00:00','F1赛车世界',9,2),(55,'迈克尔·舒马赫',NULL,1,0,'<p><img id=\"attach_129\" src=\"/cms/resources/upload/1488008895569.jpg\" alt=\"\" /></p><p><br /></p><p>迈克尔·舒马赫 (德文发音： [ˈmɪçaʔeːl ˈʃuːmaxɐ] ( listen)；出生于1969年1月3日) 是一名退役的德国F1赛车手。舒马赫获得过7次F1世界冠军，被公认为是最伟大的F1车手之一。他保持了众多的F1车手记录，其中包括最多的世界冠军，分站冠军，最快圈速，杆位，积分和单赛季最多的胜场，2004赛季的13场。2002赛季他成为了F1历史上唯一一个在全年都登上领奖台的车手，他也同时打破了连续登上领奖台的记录。F1官网将他称之为 &quot;这项运动中数据统计最伟大的车手&quot;。<br /><br /><br />从卡丁车开始自己的职业生涯之后，舒马赫赢得了德国König方程式和F3的冠军，随后他加入梅赛德斯·奔驰在世界跑车锦标赛的车队。在经历了一场由梅赛德斯赞助他代表乔丹车队参赛的F1比赛之后，舒马赫在1991年跟贝纳通F1车队签约。在1994和1995年代表贝纳通赢得两连冠之后，舒马赫在1996年来到了法拉利车队，并且在2000到2004期间赢得了五连冠。舒马赫在2006年从F1退役，但是留在法拉利担任顾问的职位。<br /><br /><br />&nbsp;舒马赫在2009年同意代替受重伤的菲利佩·马萨出战，但是由于颈部伤病而作罢。随后他与全新的梅赛德斯GP车队签订了一份从2010赛季开始的三年合同。<br /><br /><br />他的职业生涯始终伴随着争议，其中就包括两次在赛季收官战出现的决定世界冠军的碰撞，1994赛季在阿德莱德与达蒙·希尔的碰撞，还有1997赛季与雅克·维伦纽夫在赫雷斯的碰撞。[10] 场外的迈克尔·舒马赫是联合国教科文组织的形象大使，并且也是道路安全驾驶的发言人。他为人道主义事业做了很多，捐了几千万美金来做慈善。[11] 迈克尔与他的弟弟拉尔夫·舒马赫是唯一一对都赢得过F1分站冠军的兄弟，他们也在2001年的蒙特利尔成为了第一对在同一场比赛里面包揽前2名的兄弟。这对兄弟还在其他4场比赛里面有过这样的表现，分别是2001法国大奖赛，2002巴西大奖赛，2003加拿大大奖赛和2004日本大奖赛。<br /></p>','',0,'2017-02-25 15:48:27','2017-02-25 00:00:00','F1赛车世界',9,2),(56,'莱科宁驾驶新赛车首航',NULL,1,0,'','',0,'2017-02-25 16:16:51','2017-02-25 00:00:00','F1赛车世界',10,2),(57,'索伯C36首航',NULL,1,0,'','',0,'2017-02-25 16:17:38','2017-02-25 00:00:00','F1赛车世界',10,2),(58,'梅奔2017赛季新车W08',NULL,1,0,'','',0,'2017-02-25 16:18:34','2017-02-25 00:00:00','F1赛车世界',10,2),(59,'MotoGP马奎兹亮相新赛季',NULL,1,0,'','',0,'2017-02-25 16:19:19','2017-02-25 00:00:00','F1赛车世界',10,2),(60,'伯尼执掌F1四十年终结',NULL,1,0,'','',0,'2017-02-25 16:20:12','2017-02-25 00:00:00','F1赛车世界',10,2),(61,'马格努森哈斯车队官方照',NULL,1,0,'','',0,'2017-02-25 16:33:30','2017-02-25 00:00:00','F1赛车世界',10,2);
/*!40000 ALTER TABLE `t_topic` ENABLE KEYS */;
UNLOCK TABLES;

--
-- Table structure for table `t_user`
--

DROP TABLE IF EXISTS `t_user`;
/*!40101 SET @saved_cs_client     = @@character_set_client */;
/*!40101 SET character_set_client = utf8 */;
CREATE TABLE `t_user` (
  `id` int(10) NOT NULL AUTO_INCREMENT,
  `username` varchar(50) DEFAULT NULL,
  `password` varchar(50) DEFAULT NULL,
  `nickname` varchar(50) DEFAULT NULL,
  `email` varchar(50) DEFAULT NULL,
  `phone` varchar(50) DEFAULT NULL,
  `status` int(4) DEFAULT NULL,
  `create_date` datetime DEFAULT NULL,
  PRIMARY KEY (`id`)
) ENGINE=InnoDB AUTO_INCREMENT=4 DEFAULT CHARSET=utf8;
/*!40101 SET character_set_client = @saved_cs_client */;

--
-- Dumping data for table `t_user`
--

LOCK TABLES `t_user` WRITE;
/*!40000 ALTER TABLE `t_user` DISABLE KEYS */;
INSERT INTO `t_user` VALUES (1,'admin','258589105615267673149611969984453678583','超级管理员','wpq_java@sina.com','18698575951',1,'2017-02-25 08:34:33'),(2,'wpq','258589105615267673149611969984453678583','F1赛车世界','wpq_java@sina.com','18698575951',1,'2017-02-25 08:34:33'),(3,'test','145880574408914283577596874144701280147','测试','test@test.com','18698575951',1,'2017-02-25 08:34:33');
/*!40000 ALTER TABLE `t_user` ENABLE KEYS */;
UNLOCK TABLES;

--
-- Table structure for table `t_user_group`
--

DROP TABLE IF EXISTS `t_user_group`;
/*!40101 SET @saved_cs_client     = @@character_set_client */;
/*!40101 SET character_set_client = utf8 */;
CREATE TABLE `t_user_group` (
  `id` int(10) NOT NULL AUTO_INCREMENT,
  `user_id` int(50) DEFAULT NULL,
  `group_id` int(50) DEFAULT NULL,
  PRIMARY KEY (`id`),
  KEY `user_id` (`user_id`),
  KEY `group_id` (`group_id`),
  CONSTRAINT `t_user_group_ibfk_1` FOREIGN KEY (`user_id`) REFERENCES `t_user` (`id`),
  CONSTRAINT `t_user_group_ibfk_2` FOREIGN KEY (`group_id`) REFERENCES `t_group` (`id`)
) ENGINE=InnoDB AUTO_INCREMENT=7 DEFAULT CHARSET=utf8;
/*!40101 SET character_set_client = @saved_cs_client */;

--
-- Dumping data for table `t_user_group`
--

LOCK TABLES `t_user_group` WRITE;
/*!40000 ALTER TABLE `t_user_group` DISABLE KEYS */;
INSERT INTO `t_user_group` VALUES (1,1,1),(2,1,2),(3,2,1),(4,2,2),(5,3,1),(6,3,2);
/*!40000 ALTER TABLE `t_user_group` ENABLE KEYS */;
UNLOCK TABLES;

--
-- Table structure for table `t_user_role`
--

DROP TABLE IF EXISTS `t_user_role`;
/*!40101 SET @saved_cs_client     = @@character_set_client */;
/*!40101 SET character_set_client = utf8 */;
CREATE TABLE `t_user_role` (
  `id` int(10) NOT NULL AUTO_INCREMENT,
  `user_id` int(50) DEFAULT NULL,
  `role_id` int(50) DEFAULT NULL,
  PRIMARY KEY (`id`),
  KEY `user_id` (`user_id`),
  KEY `role_id` (`role_id`),
  CONSTRAINT `t_user_role_ibfk_1` FOREIGN KEY (`user_id`) REFERENCES `t_user` (`id`),
  CONSTRAINT `t_user_role_ibfk_2` FOREIGN KEY (`role_id`) REFERENCES `t_role` (`id`)
) ENGINE=InnoDB AUTO_INCREMENT=4 DEFAULT CHARSET=utf8;
/*!40101 SET character_set_client = @saved_cs_client */;

--
-- Dumping data for table `t_user_role`
--

LOCK TABLES `t_user_role` WRITE;
/*!40000 ALTER TABLE `t_user_role` DISABLE KEYS */;
INSERT INTO `t_user_role` VALUES (1,1,1),(2,2,1),(3,3,1);
/*!40000 ALTER TABLE `t_user_role` ENABLE KEYS */;
UNLOCK TABLES;
/*!40103 SET TIME_ZONE=@OLD_TIME_ZONE */;

/*!40101 SET SQL_MODE=@OLD_SQL_MODE */;
/*!40014 SET FOREIGN_KEY_CHECKS=@OLD_FOREIGN_KEY_CHECKS */;
/*!40014 SET UNIQUE_CHECKS=@OLD_UNIQUE_CHECKS */;
/*!40101 SET CHARACTER_SET_CLIENT=@OLD_CHARACTER_SET_CLIENT */;
/*!40101 SET CHARACTER_SET_RESULTS=@OLD_CHARACTER_SET_RESULTS */;
/*!40101 SET COLLATION_CONNECTION=@OLD_COLLATION_CONNECTION */;
/*!40111 SET SQL_NOTES=@OLD_SQL_NOTES */;

-- Dump completed on 2017-02-25 16:39:40
